timestamp,returns
2020-04-29 04:00:00+00:00,0.0
2020-04-30 04:00:00+00:00,0.0
2020-05-01 04:00:00+00:00,0.0
2020-05-04 04:00:00+00:00,0.0
2020-05-05 04:00:00+00:00,0.0
2020-05-06 04:00:00+00:00,0.0
2020-05-07 04:00:00+00:00,0.0
2020-05-08 04:00:00+00:00,0.0
2020-05-11 04:00:00+00:00,0.0
2020-05-12 04:00:00+00:00,0.0
2020-05-13 04:00:00+00:00,0.0
2020-05-14 04:00:00+00:00,0.0
2020-05-15 04:00:00+00:00,0.0
2020-05-18 04:00:00+00:00,0.0
2020-05-19 04:00:00+00:00,0.0
2020-05-20 04:00:00+00:00,0.0
2020-05-21 04:00:00+00:00,0.0
2020-05-22 04:00:00+00:00,0.0
2020-05-26 04:00:00+00:00,0.0
2020-05-27 04:00:00+00:00,0.0
2020-05-28 04:00:00+00:00,0.0
2020-05-29 04:00:00+00:00,0.0
2020-06-01 04:00:00+00:00,0.0
2020-06-02 04:00:00+00:00,0.0
2020-06-03 04:00:00+00:00,0.0
2020-06-04 04:00:00+00:00,0.0
2020-06-05 04:00:00+00:00,0.0
2020-06-08 04:00:00+00:00,0.0
2020-06-09 04:00:00+00:00,0.0
2020-06-10 04:00:00+00:00,0.0
2020-06-11 04:00:00+00:00,0.0
2020-06-12 04:00:00+00:00,0.0
2020-06-15 04:00:00+00:00,0.0
2020-06-16 04:00:00+00:00,0.0
2020-06-17 04:00:00+00:00,0.0
2020-06-18 04:00:00+00:00,0.0
2020-06-19 04:00:00+00:00,0.0
2020-06-22 04:00:00+00:00,0.0
2020-06-23 04:00:00+00:00,0.0
2020-06-24 04:00:00+00:00,0.0
2020-06-25 04:00:00+00:00,0.0
2020-06-26 04:00:00+00:00,0.0
2020-06-29 04:00:00+00:00,0.0
2020-06-30 04:00:00+00:00,0.0
2020-07-01 04:00:00+00:00,0.0
2020-07-02 04:00:00+00:00,0.0
2020-07-06 04:00:00+00:00,0.0
2020-07-07 04:00:00+00:00,0.0
2020-07-08 04:00:00+00:00,0.0
2020-07-09 04:00:00+00:00,0.0
2020-07-10 04:00:00+00:00,0.0
2020-07-13 04:00:00+00:00,0.0
2020-07-14 04:00:00+00:00,0.0
2020-07-15 04:00:00+00:00,0.0
2020-07-16 04:00:00+00:00,0.0
2020-07-17 04:00:00+00:00,0.0
2020-07-20 04:00:00+00:00,0.0
2020-07-21 04:00:00+00:00,0.0
2020-07-22 04:00:00+00:00,0.0
2020-07-23 04:00:00+00:00,0.0
2020-07-24 04:00:00+00:00,0.0
2020-07-27 04:00:00+00:00,0.0
2020-07-28 04:00:00+00:00,0.0
2020-07-29 04:00:00+00:00,0.0
2020-07-30 04:00:00+00:00,0.0
2020-07-31 04:00:00+00:00,0.0
2020-08-03 04:00:00+00:00,0.0
2020-08-04 04:00:00+00:00,0.0
2020-08-05 04:00:00+00:00,0.0
2020-08-06 04:00:00+00:00,0.0
2020-08-07 04:00:00+00:00,0.0
2020-08-10 04:00:00+00:00,0.0
2020-08-11 04:00:00+00:00,0.0
2020-08-12 04:00:00+00:00,0.0
2020-08-13 04:00:00+00:00,0.0
2020-08-14 04:00:00+00:00,0.0
2020-08-17 04:00:00+00:00,0.0
2020-08-18 04:00:00+00:00,0.0
2020-08-19 04:00:00+00:00,0.0
2020-08-20 04:00:00+00:00,0.0
2020-08-21 04:00:00+00:00,0.0
2020-08-24 04:00:00+00:00,0.0
2020-08-25 04:00:00+00:00,0.0
2020-08-26 04:00:00+00:00,0.0
2020-08-27 04:00:00+00:00,0.0
2020-08-28 04:00:00+00:00,0.0
2020-08-31 04:00:00+00:00,0.0
2020-09-01 04:00:00+00:00,0.0
2020-09-02 04:00:00+00:00,0.0
2020-09-03 04:00:00+00:00,0.0
2020-09-04 04:00:00+00:00,0.0
2020-09-08 04:00:00+00:00,0.0
2020-09-09 04:00:00+00:00,0.0
2020-09-10 04:00:00+00:00,0.0
2020-09-11 04:00:00+00:00,0.0
2020-09-14 04:00:00+00:00,0.0
2020-09-15 04:00:00+00:00,0.0
2020-09-16 04:00:00+00:00,0.0
2020-09-17 04:00:00+00:00,0.0
2020-09-18 04:00:00+00:00,0.0
2020-09-21 04:00:00+00:00,0.0
2020-09-22 04:00:00+00:00,0.0
2020-09-23 04:00:00+00:00,0.0
2020-09-24 04:00:00+00:00,0.0
2020-09-25 04:00:00+00:00,0.0
2020-09-28 04:00:00+00:00,0.0
2020-09-29 04:00:00+00:00,0.0
2020-09-30 04:00:00+00:00,0.0
2020-10-01 04:00:00+00:00,0.0
2020-10-02 04:00:00+00:00,0.0
2020-10-05 04:00:00+00:00,0.0
2020-10-06 04:00:00+00:00,0.0
2020-10-07 04:00:00+00:00,0.0
2020-10-08 04:00:00+00:00,0.0
2020-10-09 04:00:00+00:00,0.0
2020-10-12 04:00:00+00:00,0.0
2020-10-13 04:00:00+00:00,0.0
2020-10-14 04:00:00+00:00,0.0
2020-10-15 04:00:00+00:00,0.0
2020-10-16 04:00:00+00:00,0.0
2020-10-19 04:00:00+00:00,0.0
2020-10-20 04:00:00+00:00,0.0
2020-10-21 04:00:00+00:00,0.0
2020-10-22 04:00:00+00:00,0.0
2020-10-23 04:00:00+00:00,0.0
2020-10-26 04:00:00+00:00,0.0
2020-10-27 04:00:00+00:00,0.0
2020-10-28 04:00:00+00:00,0.0
2020-10-29 04:00:00+00:00,0.0
2020-10-30 04:00:00+00:00,0.0
2020-11-02 05:00:00+00:00,0.0
2020-11-03 05:00:00+00:00,0.0
2020-11-04 05:00:00+00:00,0.0
2020-11-05 05:00:00+00:00,0.0
2020-11-06 05:00:00+00:00,0.0
2020-11-09 05:00:00+00:00,0.0
2020-11-10 05:00:00+00:00,0.0
2020-11-11 05:00:00+00:00,0.0
2020-11-12 05:00:00+00:00,0.0
2020-11-13 05:00:00+00:00,0.0
2020-11-16 05:00:00+00:00,0.0
2020-11-17 05:00:00+00:00,0.0
2020-11-18 05:00:00+00:00,0.0
2020-11-19 05:00:00+00:00,0.0
2020-11-20 05:00:00+00:00,0.0
2020-11-23 05:00:00+00:00,0.0
2020-11-24 05:00:00+00:00,0.0
2020-11-25 05:00:00+00:00,0.0
2020-11-27 05:00:00+00:00,0.0
2020-11-30 05:00:00+00:00,0.0
2020-12-01 05:00:00+00:00,0.0
2020-12-02 05:00:00+00:00,0.0
2020-12-03 05:00:00+00:00,0.0
2020-12-04 05:00:00+00:00,0.0
2020-12-07 05:00:00+00:00,0.0
2020-12-08 05:00:00+00:00,0.0
2020-12-09 05:00:00+00:00,0.0
2020-12-10 05:00:00+00:00,0.0
2020-12-11 05:00:00+00:00,0.0
2020-12-14 05:00:00+00:00,0.0
2020-12-15 05:00:00+00:00,0.0
2020-12-16 05:00:00+00:00,0.0
2020-12-17 05:00:00+00:00,0.0
2020-12-18 05:00:00+00:00,0.0
2020-12-21 05:00:00+00:00,0.0
2020-12-22 05:00:00+00:00,0.0
2020-12-23 05:00:00+00:00,0.0
2020-12-24 05:00:00+00:00,0.0
2020-12-28 05:00:00+00:00,0.0
2020-12-29 05:00:00+00:00,0.0
2020-12-30 05:00:00+00:00,0.0
2020-12-31 05:00:00+00:00,0.0
2021-01-04 05:00:00+00:00,0.0
2021-01-05 05:00:00+00:00,0.0
2021-01-06 05:00:00+00:00,0.0
2021-01-07 05:00:00+00:00,0.0
2021-01-08 05:00:00+00:00,0.0
2021-01-11 05:00:00+00:00,0.0
2021-01-12 05:00:00+00:00,0.0
2021-01-13 05:00:00+00:00,0.0
2021-01-14 05:00:00+00:00,0.0
2021-01-15 05:00:00+00:00,0.0
2021-01-19 05:00:00+00:00,0.0
2021-01-20 05:00:00+00:00,0.0
2021-01-21 05:00:00+00:00,0.0
2021-01-22 05:00:00+00:00,0.0
2021-01-25 05:00:00+00:00,0.0
2021-01-26 05:00:00+00:00,0.0
2021-01-27 05:00:00+00:00,0.0
2021-01-28 05:00:00+00:00,0.0
2021-01-29 05:00:00+00:00,0.0
2021-02-01 05:00:00+00:00,0.0
2021-02-02 05:00:00+00:00,0.0004842663588081498
2021-02-03 05:00:00+00:00,-0.014571582626220714
2021-02-04 05:00:00+00:00,0.004074103994560985
2021-02-05 05:00:00+00:00,-0.0007850873143155912
2021-02-08 05:00:00+00:00,-0.0011148133795544357
2021-02-09 05:00:00+00:00,-0.005361469514452599
2021-02-10 05:00:00+00:00,0.003897160719613102
2021-02-11 05:00:00+00:00,-0.006877565429195709
2021-02-12 05:00:00+00:00,-0.002045151835733394
2021-02-16 05:00:00+00:00,0.005265506074653592
2021-02-17 05:00:00+00:00,-0.004359576655572628
2021-02-18 05:00:00+00:00,0.0016791855646556275
2021-02-19 05:00:00+00:00,0.011567242256043997
2021-02-22 05:00:00+00:00,0.02680820929240857
2021-02-23 05:00:00+00:00,0.0052875704684340885
2021-02-24 05:00:00+00:00,-0.005487016524857724
2021-02-25 05:00:00+00:00,0.023704912405671408
2021-02-26 05:00:00+00:00,-0.014804224684207279
2021-03-01 05:00:00+00:00,-0.01962309583654198
2021-03-02 05:00:00+00:00,0.012956874918154448
2021-03-03 05:00:00+00:00,0.02698085455863064
2021-03-04 05:00:00+00:00,0.003647436720302877
2021-03-05 05:00:00+00:00,-0.021479188543683136
2021-03-08 05:00:00+00:00,0.018177783435458283
2021-03-09 05:00:00+00:00,-0.028101417966279296
2021-03-10 05:00:00+00:00,0.005817455023621854
2021-03-11 05:00:00+00:00,-0.02026514119116407
2021-03-12 05:00:00+00:00,0.0058196791931750536
2021-03-15 04:00:00+00:00,0.003987355865122888
2021-03-16 04:00:00+00:00,-0.012350589876285678
2021-03-17 04:00:00+00:00,0.002818737386661385
2021-03-18 04:00:00+00:00,0.026661991011555086
2021-03-19 04:00:00+00:00,0.0016037153037181673
2021-03-22 04:00:00+00:00,-0.024484562293566547
2021-03-23 04:00:00+00:00,-0.006737426868834051
2021-03-24 04:00:00+00:00,0.00892313933625588
2021-03-25 04:00:00+00:00,0.01325076901512523
2021-03-26 04:00:00+00:00,-0.017818636660258846
2021-03-29 04:00:00+00:00,0.00524352302694997
2021-03-30 04:00:00+00:00,0.01441076168294575
2021-03-31 04:00:00+00:00,-0.016907677121393405
2021-04-01 04:00:00+00:00,-0.02790843988798275
2021-04-05 04:00:00+00:00,-0.027728384834422526
2021-04-06 04:00:00+00:00,0.004858120338420258
2021-04-07 04:00:00+00:00,-0.00823054501714826
2021-04-08 04:00:00+00:00,-0.013405438483460319
2021-04-09 04:00:00+00:00,-0.01026644246134345
2021-04-12 04:00:00+00:00,-0.00023445090340201702
2021-04-13 04:00:00+00:00,-0.010081828099092416
2021-04-14 04:00:00+00:00,0.011219162285040385
2021-04-15 04:00:00+00:00,-0.01529808361502516
2021-04-16 04:00:00+00:00,-0.004778435591404673
2021-04-19 04:00:00+00:00,0.0076703789447615245
2021-04-20 04:00:00+00:00,0.0018552731714516213
2021-04-21 04:00:00+00:00,-0.00898291607639301
2021-04-22 04:00:00+00:00,0.01308596355148206
2021-04-23 04:00:00+00:00,-0.015476071556668192
2021-04-26 04:00:00+00:00,-0.0015318140047537732
2021-04-27 04:00:00+00:00,-0.001605633952138863
2021-04-28 04:00:00+00:00,0.02828562670418655
2021-04-29 04:00:00+00:00,0.00805298196660409
2021-04-30 04:00:00+00:00,0.0013071040737203665
2021-05-03 04:00:00+00:00,0.0012688761040025032
2021-05-04 04:00:00+00:00,0.01615985815381149
2021-05-05 04:00:00+00:00,0.0053269815331993264
2021-05-06 04:00:00+00:00,-0.013226742118487511
2021-05-07 04:00:00+00:00,-0.010931939393908463
2021-05-10 04:00:00+00:00,0.02091439912843307
2021-05-11 04:00:00+00:00,0.0038432696940412514
2021-05-12 04:00:00+00:00,0.029362793575511525
2021-05-13 04:00:00+00:00,-0.01686194868788493
2021-05-14 04:00:00+00:00,-0.02106736351105276
2021-05-17 04:00:00+00:00,0.011968447200501386
2021-05-18 04:00:00+00:00,0.008565293651379147
2021-05-19 04:00:00+00:00,-0.002474100874976015
2021-05-20 04:00:00+00:00,-0.013820391609262295
2021-05-21 04:00:00+00:00,0.005314959093444482
2021-05-24 04:00:00+00:00,-0.022882265884015096
2021-05-25 04:00:00+00:00,-0.0037481143880535583
2021-05-26 04:00:00+00:00,0.0009136646010203808
2021-05-27 04:00:00+00:00,0.008668247543335839
2021-05-28 04:00:00+00:00,-0.0014839025463520006
2021-06-01 04:00:00+00:00,0.00913150618303138
2021-06-02 04:00:00+00:00,0.0004043021190160978
2021-06-03 04:00:00+00:00,0.006429402871506729
2021-06-04 04:00:00+00:00,-0.020674649875341844
2021-06-07 04:00:00+00:00,-0.012042142458459804
2021-06-08 04:00:00+00:00,0.004885580996060956
2021-06-09 04:00:00+00:00,-0.00403844784656715
2021-06-10 04:00:00+00:00,-0.01439333725530445
2021-06-11 04:00:00+00:00,-0.002526789463075829
2021-06-14 04:00:00+00:00,-0.007755345128302116
2021-06-15 04:00:00+00:00,0.005887174860227828
2021-06-16 04:00:00+00:00,0.0037931696361068745
2021-06-17 04:00:00+00:00,-0.013676258355503235
2021-06-18 04:00:00+00:00,0.005634331375714785
2021-06-21 04:00:00+00:00,-0.012334673141151553
2021-06-22 04:00:00+00:00,-0.010966259293632374
2021-06-23 04:00:00+00:00,0.0009042365037162936
2021-06-24 04:00:00+00:00,-0.005352830253479546
2021-06-25 04:00:00+00:00,0.006261529430744317
2021-06-28 04:00:00+00:00,-0.013961009100420307
2021-06-29 04:00:00+00:00,-0.009973221794753906
2021-06-30 04:00:00+00:00,0.00184210353648262
2021-07-01 04:00:00+00:00,-0.0025838452622735097
2021-07-02 04:00:00+00:00,-0.022275239085185472
2021-07-06 04:00:00+00:00,-3.6305942503922495e-05
2021-07-07 04:00:00+00:00,-0.00817518298332387
2021-07-08 04:00:00+00:00,0.008966321116094633
2021-07-09 04:00:00+00:00,-0.0018743433436625434
2021-07-12 04:00:00+00:00,0.002230657055898755
2021-07-13 04:00:00+00:00,-0.013197947890471351
2021-07-14 04:00:00+00:00,-0.00544506407595402
2021-07-15 04:00:00+00:00,0.005238744920892602
2021-07-16 04:00:00+00:00,0.0009963059171745892
2021-07-19 04:00:00+00:00,0.01332133931041013
2021-07-20 04:00:00+00:00,-0.0083385469101378
2021-07-21 04:00:00+00:00,-0.007446832369653933
2021-07-22 04:00:00+00:00,-0.01684441933757097
2021-07-23 04:00:00+00:00,-0.012336828273475264
2021-07-26 04:00:00+00:00,0.002140656970917698
2021-07-27 04:00:00+00:00,0.008683528765536686
2021-07-28 04:00:00+00:00,0.001116866966206942
2021-07-29 04:00:00+00:00,-0.000978573484724743
2021-07-30 04:00:00+00:00,0.005549928881928512
2021-08-02 04:00:00+00:00,0.000315860129545098
2021-08-03 04:00:00+00:00,-0.008075176580290888
2021-08-04 04:00:00+00:00,0.002124450114960874
2021-08-05 04:00:00+00:00,-0.010505575041359627
2021-08-06 04:00:00+00:00,0.00020703745005423713
2021-08-09 04:00:00+00:00,0.003903876060284195
2021-08-10 04:00:00+00:00,0.006554826334710162
2021-08-11 04:00:00+00:00,-0.0017802392554524538
2021-08-12 04:00:00+00:00,-0.009966960755175114
2021-08-13 04:00:00+00:00,-0.010489640163647174
2021-08-16 04:00:00+00:00,-0.005975772024834791
2021-08-17 04:00:00+00:00,0.005159650606132882
2021-08-18 04:00:00+00:00,0.006119185563938756
2021-08-19 04:00:00+00:00,-0.02077522863067882
2021-08-20 04:00:00+00:00,-0.025575442920496183
2021-08-23 04:00:00+00:00,-0.0009529037389948147
2021-08-24 04:00:00+00:00,0.006663455145417552
2021-08-25 04:00:00+00:00,0.0020155612910289777
2021-08-26 04:00:00+00:00,0.009668549365541512
2021-08-27 04:00:00+00:00,-0.0021060968995583185
2021-08-30 04:00:00+00:00,-0.012912455630575304
2021-08-31 04:00:00+00:00,0.005632814510832751
2021-09-01 04:00:00+00:00,0.0001657993304524652
2021-09-02 04:00:00+00:00,0.002252910407983366
2021-09-03 04:00:00+00:00,3.288192354189423e-05
2021-09-07 04:00:00+00:00,0.0031880705517515207
2021-09-08 04:00:00+00:00,-0.00010012756484378826
2021-09-09 04:00:00+00:00,0.009859939049879252
2021-09-10 04:00:00+00:00,0.005180971506631993
2021-09-13 04:00:00+00:00,-0.004328709753415705
2021-09-14 04:00:00+00:00,-0.009428020055942676
2021-09-15 04:00:00+00:00,-0.01677852064781571
2021-09-16 04:00:00+00:00,-0.0013118311993212117
2021-09-17 04:00:00+00:00,0.01752820163109481
2021-09-20 04:00:00+00:00,0.018574714015956784
2021-09-21 04:00:00+00:00,-0.0016989712779598154
2021-09-22 04:00:00+00:00,-0.012822304408153684
2021-09-23 04:00:00+00:00,-0.003282373053991039
2021-09-24 04:00:00+00:00,0.0007013899174881377
2021-09-27 04:00:00+00:00,0.017303941079214957
2021-09-28 04:00:00+00:00,0.03620351564291169
2021-09-29 04:00:00+00:00,-0.0016929325133046014
2021-09-30 04:00:00+00:00,0.0073238659686148955
2021-10-01 04:00:00+00:00,-0.025467970668074047
2021-10-04 04:00:00+00:00,0.020719345953322255
2021-10-05 04:00:00+00:00,-0.01995672470524723
2021-10-06 04:00:00+00:00,-0.015064545773592508
2021-10-07 04:00:00+00:00,-0.005936540895376652
2021-10-08 04:00:00+00:00,0.0
2021-10-11 04:00:00+00:00,0.002102690839322796
2021-10-12 04:00:00+00:00,0.004588334115206871
2021-10-13 04:00:00+00:00,-0.01171107586305098
2021-10-14 04:00:00+00:00,-0.02173393316195371
2021-10-15 04:00:00+00:00,-0.004822564595444279
2021-10-18 04:00:00+00:00,-0.01012466470733675
2021-10-19 04:00:00+00:00,-0.0030590932367577928
2021-10-20 04:00:00+00:00,0.0026605373465798943
2021-10-21 04:00:00+00:00,-0.010897573689304219
2021-10-22 04:00:00+00:00,0.005148762394312945
2021-10-25 04:00:00+00:00,0.0033316319113935178
2021-10-26 04:00:00+00:00,-0.006425660037952641
2021-10-27 04:00:00+00:00,-0.042114557228772
2021-10-28 04:00:00+00:00,-0.003651141515738754
2021-10-29 04:00:00+00:00,-0.022413975986234957
2021-11-01 04:00:00+00:00,0.00678468580894287
2021-11-02 04:00:00+00:00,-0.011415503773930968
2021-11-03 04:00:00+00:00,-0.002611825508257448
2021-11-04 04:00:00+00:00,-0.007305444632077052
2021-11-05 04:00:00+00:00,0.0011296743519112473
2021-11-08 05:00:00+00:00,-0.0027673615292169718
2021-11-09 05:00:00+00:00,0.0030859712252914173
2021-11-10 05:00:00+00:00,0.015329862811965023
2021-11-11 05:00:00+00:00,-0.0049274204032643265
2021-11-12 05:00:00+00:00,-0.012905034269449889
2021-11-15 05:00:00+00:00,0.0019301136181547607
2021-11-16 05:00:00+00:00,-0.010235586981381939
2021-11-17 05:00:00+00:00,-0.0006788739965177815
2021-11-18 05:00:00+00:00,-0.006339923995647867
2021-11-19 05:00:00+00:00,-0.005391723104881008
2021-11-22 05:00:00+00:00,0.009559724525552427
2021-11-23 05:00:00+00:00,0.006326678287406962
2021-11-24 05:00:00+00:00,-0.0006813064684805248
2021-11-26 05:00:00+00:00,0.02435582698422445
2021-11-29 05:00:00+00:00,-0.021081235403829446
2021-11-30 05:00:00+00:00,0.017942664221421212
2021-12-01 05:00:00+00:00,0.0015427685849038753
2021-12-02 05:00:00+00:00,0.0017874012732654876
2021-12-03 05:00:00+00:00,0.019666909413413758
2021-12-06 05:00:00+00:00,-0.009845260875236628
2021-12-07 05:00:00+00:00,-0.02676343068948106
2021-12-08 05:00:00+00:00,-0.00014935941930116492
2021-12-09 05:00:00+00:00,0.005582692329699657
2021-12-10 05:00:00+00:00,-0.02833960966734561
2021-12-13 05:00:00+00:00,0.009166750059052875
2021-12-14 05:00:00+00:00,0.032586642452356096
2021-12-15 05:00:00+00:00,-0.019217750939877654
2021-12-16 05:00:00+00:00,0.02913504891610008
2021-12-17 05:00:00+00:00,0.0033854908898409697
2021-12-20 05:00:00+00:00,0.012013628275413413
2021-12-21 05:00:00+00:00,-0.023068977878831776
2021-12-22 05:00:00+00:00,-0.018057450746885362
2021-12-23 05:00:00+00:00,-0.0044717757661927315
2021-12-27 05:00:00+00:00,-0.023185455817633205
2021-12-28 05:00:00+00:00,0.0035042330365387953
2021-12-29 05:00:00+00:00,-0.0020514093563837044
2021-12-30 05:00:00+00:00,0.007690956478751176
2021-12-31 05:00:00+00:00,0.00884134391938085
2022-01-03 05:00:00+00:00,0.004668234425285189
2022-01-04 05:00:00+00:00,0.01714710725374391
2022-01-05 05:00:00+00:00,0.03838805045187588
2022-01-06 05:00:00+00:00,0.007901793935128798
2022-01-07 05:00:00+00:00,-0.0005097055506733117
2022-01-10 05:00:00+00:00,-0.0007324923878193612
2022-01-11 05:00:00+00:00,-0.0022592760155450975
2022-01-12 05:00:00+00:00,-0.010444858205319374
2022-01-13 05:00:00+00:00,0.04232225533684153
2022-01-14 05:00:00+00:00,-0.01771653072719248
2022-01-18 05:00:00+00:00,0.024339420946057122
2022-01-19 05:00:00+00:00,-0.0022468903884906855
2022-01-20 05:00:00+00:00,0.005703383135582385
2022-01-21 05:00:00+00:00,0.01846795083224262
2022-01-24 05:00:00+00:00,-0.0011486215471256944
2022-01-25 05:00:00+00:00,0.026588627636390805
2022-01-26 05:00:00+00:00,-0.02849320592327831
2022-01-27 05:00:00+00:00,-0.010548909975509613
2022-01-28 05:00:00+00:00,-0.02808165878722657
2022-01-31 05:00:00+00:00,-0.008823997326285582
2022-02-01 05:00:00+00:00,0.007138546459791173
2022-02-02 05:00:00+00:00,-0.015221723707943502
2022-02-03 05:00:00+00:00,0.038952347195991166
2022-02-04 05:00:00+00:00,-0.01556870471927052
2022-02-07 05:00:00+00:00,0.01631056258869812
2022-02-08 05:00:00+00:00,-0.011995419148058017
2022-02-09 05:00:00+00:00,-0.02183472523101382
2022-02-10 05:00:00+00:00,0.028372859015644458
2022-02-11 05:00:00+00:00,0.02427424522383348
2022-02-14 05:00:00+00:00,0.00013561696700326031
2022-02-15 05:00:00+00:00,-0.018542309695157577
2022-02-16 05:00:00+00:00,0.0011672862108609294
2022-02-17 05:00:00+00:00,0.029282022640212402
2022-02-18 05:00:00+00:00,0.00963111587602461
2022-02-22 05:00:00+00:00,0.0007291907772134509
2022-02-23 05:00:00+00:00,0.025893240256397387
2022-02-24 05:00:00+00:00,-0.05109368591419705
2022-02-25 05:00:00+00:00,-0.009232973067123673
2022-02-28 05:00:00+00:00,-0.004978067960081045
2022-03-01 05:00:00+00:00,0.012851735037135215
2022-03-02 05:00:00+00:00,-0.017765336349460314
2022-03-03 05:00:00+00:00,0.014224007555862284
2022-03-04 05:00:00+00:00,0.02047855334647064
2022-03-07 05:00:00+00:00,0.037776912971985044
2022-03-08 05:00:00+00:00,0.010971032809834469
2022-03-09 05:00:00+00:00,-0.04585798731797541
2022-03-10 05:00:00+00:00,0.010086587022181903
2022-03-11 05:00:00+00:00,0.01932828403928466
2022-03-14 04:00:00+00:00,0.012960981033087848
2022-03-15 04:00:00+00:00,-0.03874209808524198
2022-03-16 04:00:00+00:00,-0.025213695116299784
2022-03-17 04:00:00+00:00,-0.0028192516267990797
2022-03-18 04:00:00+00:00,-0.01764799806552686
2022-03-21 04:00:00+00:00,0.004227623214738352
2022-03-22 04:00:00+00:00,-0.016379385504881494
2022-03-23 04:00:00+00:00,0.015029805909110405
2022-03-24 04:00:00+00:00,-0.015392896404794909
2022-03-25 04:00:00+00:00,0.001381146113199061
2022-03-28 04:00:00+00:00,-0.023116352254293204
2022-03-29 04:00:00+00:00,-0.01515927161337638
2022-03-30 04:00:00+00:00,0.0049144184138784075
2022-03-31 04:00:00+00:00,0.017682842252954467
2022-04-01 04:00:00+00:00,-0.003600189745965654
2022-04-04 04:00:00+00:00,-0.017936783080168217
2022-04-05 04:00:00+00:00,0.012985508666173318
2022-04-06 04:00:00+00:00,0.03660561070504087
2022-04-07 04:00:00+00:00,-0.006243639374196253
2022-04-08 04:00:00+00:00,0.01459989012290519
2022-04-11 04:00:00+00:00,0.039431632943324635
2022-04-12 04:00:00+00:00,0.011217786559381215
2022-04-13 04:00:00+00:00,-0.019711969239894822
2022-04-14 04:00:00+00:00,0.02708432490066004
2022-04-18 04:00:00+00:00,-0.0024657815612414424
2022-04-19 04:00:00+00:00,-0.017039833543972982
2022-04-20 04:00:00+00:00,-0.0037156888036657953
2022-04-21 04:00:00+00:00,0.01938130202825239
2022-04-22 04:00:00+00:00,0.024144494761346613
2022-04-25 04:00:00+00:00,-0.02441341376379924
2022-04-26 04:00:00+00:00,0.03740361573466022
2022-04-27 04:00:00+00:00,-0.04810859342679419
2022-04-28 04:00:00+00:00,-0.02263289432896154
2022-04-29 04:00:00+00:00,0.041812413772928214
2022-05-02 04:00:00+00:00,-0.02504351178309805
2022-05-03 04:00:00+00:00,0.009456189633244017
2022-05-04 04:00:00+00:00,-0.029100633581028656
2022-05-05 04:00:00+00:00,0.043554768055075965
2022-05-06 04:00:00+00:00,0.009446572129511721
2022-05-09 04:00:00+00:00,0.03694512461342758
2022-05-10 04:00:00+00:00,-0.018595526448456523
2022-05-11 04:00:00+00:00,0.03320986827356598
2022-05-12 04:00:00+00:00,0.019957617198081645
2022-05-13 04:00:00+00:00,-0.022596344175551453
2022-05-16 04:00:00+00:00,-0.00145532130304038
2022-05-17 04:00:00+00:00,-0.020344345845235035
2022-05-18 04:00:00+00:00,0.04552990411913305
2022-05-19 04:00:00+00:00,0.0036996374102090668
2022-05-20 04:00:00+00:00,0.0022909864979262506
2022-05-23 04:00:00+00:00,-0.03203168949727786
2022-05-24 04:00:00+00:00,0.003951448020219073
2022-05-25 04:00:00+00:00,-0.011170053405249902
2022-05-26 04:00:00+00:00,-0.012875216254011335
2022-05-27 04:00:00+00:00,-0.02760421047037598
2022-05-31 04:00:00+00:00,0.005013601784358279
2022-06-01 04:00:00+00:00,-0.002022878153264074
2022-06-02 04:00:00+00:00,-0.007928943439717173
2022-06-03 04:00:00+00:00,0.016607203021509087
2022-06-06 04:00:00+00:00,0.00470332732607015
2022-06-07 04:00:00+00:00,-0.013953667420770977
2022-06-08 04:00:00+00:00,0.00766999838877247
2022-06-09 04:00:00+00:00,0.02078323483934419
2022-06-10 04:00:00+00:00,0.04456341829924826
2022-06-13 04:00:00+00:00,0.04241282820177672
2022-06-14 04:00:00+00:00,-0.009204959689567582
2022-06-15 04:00:00+00:00,-0.029735367114494426
2022-06-16 04:00:00+00:00,0.026970064888620193
2022-06-17 04:00:00+00:00,-0.01094010662763778
2022-06-21 04:00:00+00:00,-0.02459113847592076
2022-06-22 04:00:00+00:00,0.002404219821593445
2022-06-23 04:00:00+00:00,-0.022636699388537185
2022-06-24 04:00:00+00:00,-0.034149797792840886
2022-06-27 04:00:00+00:00,0.010496872052545014
2022-06-28 04:00:00+00:00,0.0317491229570096
2022-06-29 04:00:00+00:00,-0.01473822671868752
2022-06-30 04:00:00+00:00,0.013179290045455816
2022-07-01 04:00:00+00:00,-0.010707306740543432
2022-07-05 04:00:00+00:00,-0.012597397334586757
2022-07-06 04:00:00+00:00,-0.012783093250089417
2022-07-07 04:00:00+00:00,-0.008226583171760504
2022-07-08 04:00:00+00:00,0.002757190058791492
2022-07-11 04:00:00+00:00,0.011768544764590216
2022-07-12 04:00:00+00:00,0.040981407357138844
2022-07-13 04:00:00+00:00,0.0037449704761142177
2022-07-14 04:00:00+00:00,-0.005381247856412141
2022-07-15 04:00:00+00:00,-0.010390504040527437
2022-07-18 04:00:00+00:00,0.009621414991012212
2022-07-19 04:00:00+00:00,-0.02076692635223365
2022-07-20 04:00:00+00:00,-0.010557631182091853
2022-07-21 04:00:00+00:00,-0.009798928844792831
2022-07-22 04:00:00+00:00,0.016915698408388247
2022-07-25 04:00:00+00:00,0.005876561438645456
2022-07-26 04:00:00+00:00,0.026774319066622088
2022-07-27 04:00:00+00:00,-0.06685192629675218
2022-07-28 04:00:00+00:00,-0.02854075512839116
2022-07-29 04:00:00+00:00,-0.01566480538981785
2022-08-01 04:00:00+00:00,0.009724159510326014
2022-08-02 04:00:00+00:00,0.011474275657630817
2022-08-03 04:00:00+00:00,-0.027836333797738977
2022-08-04 04:00:00+00:00,-0.00417733752518723
2022-08-05 04:00:00+00:00,0.0026086207136205575
2022-08-08 04:00:00+00:00,0.00915511110199374
2022-08-09 04:00:00+00:00,-0.007063337571590944
2022-08-10 04:00:00+00:00,-0.024300692932818224
2022-08-11 04:00:00+00:00,0.007400873099700278
2022-08-12 04:00:00+00:00,-0.0170368997108592
2022-08-15 04:00:00+00:00,-0.005344066560414973
2022-08-16 04:00:00+00:00,0.0025894734941437347
2022-08-17 04:00:00+00:00,0.002636389743015055
2022-08-18 04:00:00+00:00,0.003947211049165733
2022-08-19 04:00:00+00:00,0.013854149774680136
2022-08-22 04:00:00+00:00,0.0293552406496167
2022-08-23 04:00:00+00:00,0.004716294793411846
2022-08-24 04:00:00+00:00,0.0023513892290387695
2022-08-25 04:00:00+00:00,-0.011095335086081182
2022-08-26 04:00:00+00:00,0.03858699756113826
2022-08-29 04:00:00+00:00,0.010667792492275674
2022-08-30 04:00:00+00:00,0.008521269858072
2022-08-31 04:00:00+00:00,0.005703997178671871
2022-09-01 04:00:00+00:00,0.004092076413995782
2022-09-02 04:00:00+00:00,0.01666678753771178
2022-09-06 04:00:00+00:00,0.010974088399684834
2022-09-07 04:00:00+00:00,-0.019111465319432197
2022-09-08 04:00:00+00:00,-0.0016663037550950222
2022-09-09 04:00:00+00:00,-0.022976791153251686
2022-09-12 04:00:00+00:00,-0.008281095465868082
2022-09-13 04:00:00+00:00,0.05497842856046786
2022-09-14 04:00:00+00:00,-0.0009127437006946071
2022-09-15 04:00:00+00:00,0.027119176862571925
2022-09-16 04:00:00+00:00,0.002608172423240851
2022-09-19 04:00:00+00:00,0.0008989499839789916
2022-09-20 04:00:00+00:00,0.008465649261267805
2022-09-21 04:00:00+00:00,0.014436034568954592
2022-09-22 04:00:00+00:00,-0.008495635510009869
2022-09-23 04:00:00+00:00,0.01269820745133654
2022-09-26 04:00:00+00:00,0.0019753126597215065
2022-09-27 04:00:00+00:00,0.004380030818683434
2022-09-28 04:00:00+00:00,-0.019711475637696152
2022-09-29 04:00:00+00:00,0.014808915783712462
2022-09-30 04:00:00+00:00,0.01936841617010987
2022-10-03 04:00:00+00:00,-0.03366252390005675
2022-10-04 04:00:00+00:00,-0.033812494018553796
2022-10-05 04:00:00+00:00,-0.0012857152251750659
2022-10-06 04:00:00+00:00,0.009670930819355328
2022-10-07 04:00:00+00:00,0.05085290604568793
2022-10-10 04:00:00+00:00,0.021303083784318222
2022-10-11 04:00:00+00:00,0.016750169353113686
2022-10-12 04:00:00+00:00,-0.0015084625334589319
2022-10-13 04:00:00+00:00,-0.03760791629077542
2022-10-14 04:00:00+00:00,0.024248742481747687
2022-10-17 04:00:00+00:00,-0.03924582975059754
2022-10-18 04:00:00+00:00,-0.004083657334003066
2022-10-19 04:00:00+00:00,0.008469499343746634
2022-10-20 04:00:00+00:00,0.0013955905169321658
2022-10-21 04:00:00+00:00,-0.025280556121453746
2022-10-24 04:00:00+00:00,-0.021187788568523436
2022-10-25 04:00:00+00:00,-0.013791830013274886
2022-10-26 04:00:00+00:00,0.07715632393000071
2022-10-27 04:00:00+00:00,0.019756330001798772
2022-10-28 04:00:00+00:00,-0.04022066665699642
2022-10-31 04:00:00+00:00,0.015856174720700444
2022-11-01 04:00:00+00:00,0.017059562980900167
2022-11-02 04:00:00+00:00,0.03536824666156735
2022-11-03 04:00:00+00:00,0.026578851763802147
2022-11-04 04:00:00+00:00,-0.033325412597495774
2022-11-07 05:00:00+00:00,-0.029269714721239293
2022-11-08 05:00:00+00:00,-0.004388408777425301
2022-11-09 05:00:00+00:00,0.01905013047469406
2022-11-10 05:00:00+00:00,-0.08226789241527577
2022-11-11 05:00:00+00:00,-0.016997485109267796
2022-11-14 05:00:00+00:00,0.02250021525821555
2022-11-15 05:00:00+00:00,-0.00173890132708987
2022-11-16 05:00:00+00:00,-0.0018236199991910063
2022-11-17 05:00:00+00:00,0.00020696593586089218
2022-11-18 05:00:00+00:00,0.001903273004905781
2022-11-21 05:00:00+00:00,-0.0034407646293976857
2022-11-22 05:00:00+00:00,-0.012311485623925034
2022-11-23 05:00:00+00:00,-0.010406960364052864
2022-11-25 05:00:00+00:00,0.0003635839719559053
2022-11-28 05:00:00+00:00,0.023152413896876167
2022-11-29 05:00:00+00:00,0.0059149346940500225
2022-11-30 05:00:00+00:00,-0.06162349424122793
2022-12-01 05:00:00+00:00,0.0017635000694119496
2022-12-02 05:00:00+00:00,-0.0012955550004565275
2022-12-05 05:00:00+00:00,0.018900499705729712
2022-12-06 05:00:00+00:00,0.020303860749870895
2022-12-07 05:00:00+00:00,0.003059698076412709
2022-12-08 05:00:00+00:00,-0.012399205123337698
2022-12-09 05:00:00+00:00,0.008003082309760878
2022-12-12 05:00:00+00:00,-0.02888916001231312
2022-12-13 05:00:00+00:00,-0.0174646766545139
2022-12-14 05:00:00+00:00,-0.0011678878485605892
2022-12-15 05:00:00+00:00,0.031918504284937255
2022-12-16 05:00:00+00:00,0.017348596584202625
2022-12-19 05:00:00+00:00,0.017328052202792765
2022-12-20 05:00:00+00:00,-0.005614434469275675
2022-12-21 05:00:00+00:00,-0.010876846180600586
2022-12-22 05:00:00+00:00,0.025528923571169093
2022-12-23 05:00:00+00:00,-0.0022670428797828546
2022-12-27 05:00:00+00:00,0.007414116876631183
2022-12-28 05:00:00+00:00,0.010254812313881034
2022-12-29 05:00:00+00:00,-0.02762972456727475
2022-12-30 05:00:00+00:00,0.004937614031340742
2023-01-03 05:00:00+00:00,0.0010007335528102734
2023-01-04 05:00:00+00:00,0.04374310622797095
2023-01-05 05:00:00+00:00,0.029637790177517997
2023-01-06 05:00:00+00:00,-0.011785314435529548
2023-01-09 05:00:00+00:00,-0.009736292636048693
2023-01-10 05:00:00+00:00,-0.007617193991288795
2023-01-11 05:00:00+00:00,-0.030238169575706575
2023-01-12 05:00:00+00:00,-0.011621424977587003
2023-01-13 05:00:00+00:00,-0.0030187558962131433
2023-01-17 05:00:00+00:00,-0.004681651256865482
2023-01-18 05:00:00+00:00,0.01888895751915598
2023-01-19 05:00:00+00:00,0.016454053425245307
2023-01-20 05:00:00+00:00,-0.035743632326464825
2023-01-23 05:00:00+00:00,-0.00982421436074854
2023-01-24 05:00:00+00:00,0.002226015810152915
2023-01-25 05:00:00+00:00,0.005908092151506561
2023-01-26 05:00:00+00:00,-0.030713538776834026
2023-01-27 05:00:00+00:00,-0.0006450026846109846
2023-01-30 05:00:00+00:00,0.021961297212688025
2023-01-31 05:00:00+00:00,-0.02101254827621646
2023-02-01 05:00:00+00:00,-0.0199346105561371
2023-02-02 05:00:00+00:00,-0.04688410585212188
2023-02-03 05:00:00+00:00,0.023620327746889602
2023-02-06 05:00:00+00:00,0.006115938968901391
2023-02-07 05:00:00+00:00,-0.04202232580448917
2023-02-08 05:00:00+00:00,0.0031022723446955114
2023-02-09 05:00:00+00:00,0.011659663086841299
2023-02-10 05:00:00+00:00,0.0019726911631674504
2023-02-13 05:00:00+00:00,-0.031243226309874306
2023-02-14 05:00:00+00:00,-0.0031327372020901745
2023-02-15 05:00:00+00:00,0.007993105768971276
2023-02-16 05:00:00+00:00,0.026622519481742324
2023-02-17 05:00:00+00:00,0.015601669622401393
2023-02-21 05:00:00+00:00,0.020886771200005483
2023-02-22 05:00:00+00:00,0.00459087179726736
2023-02-23 05:00:00+00:00,-0.012961725770378463
2023-02-24 05:00:00+00:00,0.021784387631261892
2023-02-27 05:00:00+00:00,-0.0037718539048234856
2023-02-28 05:00:00+00:00,0.0029582112765081936
2023-03-01 05:00:00+00:00,0.01262931305818138
2023-03-02 05:00:00+00:00,-0.01965319065437021
2023-03-03 05:00:00+00:00,-0.016646231898585606
2023-03-06 05:00:00+00:00,-0.0061890514133433605
2023-03-07 05:00:00+00:00,0.010589272585800447
2023-03-08 05:00:00+00:00,0.0017703812500592386
2023-03-09 05:00:00+00:00,0.005439649410125202
2023-03-10 05:00:00+00:00,0.014782688107094266
2023-03-13 04:00:00+00:00,-0.02144089396754767
2023-03-14 04:00:00+00:00,-0.02705582389421579
2023-03-15 04:00:00+00:00,-0.017830552754878548
2023-03-16 04:00:00+00:00,-0.04053639166173362
2023-03-17 04:00:00+00:00,-0.01169434866474739
2023-03-20 04:00:00+00:00,0.025766573257068437
2023-03-21 04:00:00+00:00,-0.0056933481383769635
2023-03-22 04:00:00+00:00,0.005442242994074142
2023-03-23 04:00:00+00:00,-0.019721980156945706
2023-03-24 04:00:00+00:00,-0.010480146186453654
2023-03-27 04:00:00+00:00,0.014933685531598684
2023-03-28 04:00:00+00:00,0.004161064565544104
2023-03-29 04:00:00+00:00,-0.019183815914720626
2023-03-30 04:00:00+00:00,-0.01262006258690307
2023-03-31 04:00:00+00:00,-0.014962017129490857
2023-04-03 04:00:00+00:00,0.0037114537720009944
2023-04-04 04:00:00+00:00,0.00017396339182396137
2023-04-05 04:00:00+00:00,0.009889511845305288
2023-04-06 04:00:00+00:00,-0.025533046892359135
2023-04-10 04:00:00+00:00,0.007578973678768808
2023-04-11 04:00:00+00:00,0.02266833100084209
2023-04-12 04:00:00+00:00,-0.002333568191919211
2023-04-13 04:00:00+00:00,-0.022399398512582103
2023-04-14 04:00:00+00:00,0.01276568395423927
2023-04-17 04:00:00+00:00,-0.009295993261797086
2023-04-18 04:00:00+00:00,0.0014887543918417068
2023-04-19 04:00:00+00:00,-0.0002775016212022141
2023-04-20 04:00:00+00:00,0.00811249981412765
2023-04-21 04:00:00+00:00,0.0012232767271028733
2023-04-24 04:00:00+00:00,0.013962807115417752
2023-04-25 04:00:00+00:00,0.022535910489250632
2023-04-26 04:00:00+00:00,-0.07243480114241874
2023-04-27 04:00:00+00:00,-0.03202766742739804
2023-04-28 04:00:00+00:00,-0.007971650601863889
2023-05-01 04:00:00+00:00,0.005532946971602892
2023-05-02 04:00:00+00:00,0.0004908903014380073
2023-05-03 04:00:00+00:00,0.00330691037554276
2023-05-04 04:00:00+00:00,-0.00331788231499508
2023-05-05 04:00:00+00:00,-0.017157512736766467
2023-05-08 04:00:00+00:00,0.0064382615534811505
2023-05-09 04:00:00+00:00,0.005345733576940015
2023-05-10 04:00:00+00:00,-0.01729647153245284
2023-05-11 04:00:00+00:00,0.00704461495910802
2023-05-12 04:00:00+00:00,0.003675866327287558
2023-05-15 04:00:00+00:00,-0.0015857144044151283
2023-05-16 04:00:00+00:00,-0.0073677811279546646
2023-05-17 04:00:00+00:00,-0.009451439875796552
2023-05-18 04:00:00+00:00,-0.0143949209472225
2023-05-19 04:00:00+00:00,0.0005651229681882253
2023-05-22 04:00:00+00:00,-0.008921469926789882
2023-05-23 04:00:00+00:00,0.018432062293353813
2023-05-24 04:00:00+00:00,0.004472604997117435
2023-05-25 04:00:00+00:00,-0.038457886221719306
2023-05-26 04:00:00+00:00,-0.021385445451835405
2023-05-30 04:00:00+00:00,0.005046733287024541
2023-05-31 04:00:00+00:00,0.008513968390028381
2023-06-01 04:00:00+00:00,-0.012759184612341823
2023-06-02 04:00:00+00:00,-0.008478988653195518
2023-06-05 04:00:00+00:00,-0.0016102308149632538
2023-06-06 04:00:00+00:00,0.006727305375846315
2023-06-07 04:00:00+00:00,0.03086788922765349
2023-06-08 04:00:00+00:00,-0.00581340925085394
2023-06-09 04:00:00+00:00,-0.004704102465644011
2023-06-12 04:00:00+00:00,-0.015483797945097688
2023-06-13 04:00:00+00:00,-0.00735301800961774
2023-06-14 04:00:00+00:00,-0.00912350471767498
2023-06-15 04:00:00+00:00,-0.03189670444399839
2023-06-16 04:00:00+00:00,0.01657577758580675
2023-06-20 04:00:00+00:00,0.012502619047097596
2023-06-21 04:00:00+00:00,0.013282102928165451
2023-06-22 04:00:00+00:00,-0.01843745463570423
2023-06-23 04:00:00+00:00,0.01380592708598194
2023-06-26 04:00:00+00:00,0.01916285479968871
2023-06-27 04:00:00+00:00,-0.018167870699353106
2023-06-28 04:00:00+00:00,-0.003825941912350972
2023-06-29 04:00:00+00:00,0.002382065038030845
2023-06-30 04:00:00+00:00,-0.0163856029199414
2023-07-03 04:00:00+00:00,0.007488107616950401
2023-07-05 04:00:00+00:00,-0.00047341509001808113
2023-07-06 04:00:00+00:00,-0.00922657925904291
2023-07-07 04:00:00+00:00,0.011867448682069903
2023-07-10 04:00:00+00:00,0.015983626641780213
2023-07-11 04:00:00+00:00,-0.0019286256014834358
2023-07-12 04:00:00+00:00,-0.014226842832333997
2023-07-13 04:00:00+00:00,-0.016192191787116617
2023-07-14 04:00:00+00:00,-0.00752939305915179
2023-07-17 04:00:00+00:00,-0.0014193761585705733
2023-07-18 04:00:00+00:00,-0.039799873859449164
2023-07-19 04:00:00+00:00,0.012267405756565819
2023-07-20 04:00:00+00:00,0.023121733606104145
2023-07-21 04:00:00+00:00,0.008936993797456827
2023-07-24 04:00:00+00:00,-0.0038979386016966266
2023-07-25 04:00:00+00:00,-0.017009149490928577
2023-07-26 04:00:00+00:00,0.03763730994230119
2023-07-27 04:00:00+00:00,0.02087231508579601
2023-07-28 04:00:00+00:00,-0.02313116248262781
2023-07-31 04:00:00+00:00,0.007240324906614304
2023-08-01 04:00:00+00:00,-0.001249977099407662
2023-08-02 04:00:00+00:00,0.026282694425027064
2023-08-03 04:00:00+00:00,0.0025648003661383756
2023-08-04 04:00:00+00:00,-0.003428463553902361
2023-08-07 04:00:00+00:00,-0.007108458870677126
2023-08-08 04:00:00+00:00,0.012298838631234932
2023-08-09 04:00:00+00:00,0.011716143600702611
2023-08-10 04:00:00+00:00,-0.0021725157225997993
2023-08-11 04:00:00+00:00,0.005945625977841762
2023-08-14 04:00:00+00:00,-0.009438951127308082
2023-08-15 04:00:00+00:00,0.006727460808216956
2023-08-16 04:00:00+00:00,0.0024287270570074737
2023-08-17 04:00:00+00:00,0.010986188333128255
2023-08-18 04:00:00+00:00,0.0012622737454733857
2023-08-21 04:00:00+00:00,-0.017062676027828072
2023-08-22 04:00:00+00:00,-0.0018017735324464823
2023-08-23 04:00:00+00:00,-0.014079388738538423
2023-08-24 04:00:00+00:00,0.021498389408275198
2023-08-25 04:00:00+00:00,-0.009407242496258572
2023-08-28 04:00:00+00:00,-0.002229199462969067
2023-08-29 04:00:00+00:00,-0.014550501234330548
2023-08-30 04:00:00+00:00,-0.001157016399371491
2023-08-31 04:00:00+00:00,0.0031327260984215233
2023-09-01 04:00:00+00:00,-0.002745956987077136
2023-09-05 04:00:00+00:00,-0.01487867539723986
2023-09-06 04:00:00+00:00,0.002008740774774087
2023-09-07 04:00:00+00:00,0.008922159025195664
2023-09-08 04:00:00+00:00,-0.01321566380408079
2023-09-11 04:00:00+00:00,-0.010979001538119704
2023-09-12 04:00:00+00:00,0.01825763782107548
2023-09-13 04:00:00+00:00,-0.012930912980581022
2023-09-14 04:00:00+00:00,-0.007855658330902182
2023-09-15 04:00:00+00:00,0.025036951420168818
2023-09-18 04:00:00+00:00,0.0035129137246061592
2023-09-19 04:00:00+00:00,0.0012458666897063875
2023-09-20 04:00:00+00:00,0.023976829900689167
2023-09-21 04:00:00+00:00,0.0038656818185351938
2023-09-22 04:00:00+00:00,0.007886732476754421
2023-09-25 04:00:00+00:00,-0.0016720161743939421
2023-09-26 04:00:00+00:00,0.01700561830789471
2023-09-27 04:00:00+00:00,-0.0020822054179685523
2023-09-28 04:00:00+00:00,-0.0027174178451014885
2023-09-29 04:00:00+00:00,-0.006727524426859421
2023-10-02 04:00:00+00:00,-0.0191606223161771
2023-10-03 04:00:00+00:00,0.026134053550315506
2023-10-04 04:00:00+00:00,-0.01777333379223278
2023-10-05 04:00:00+00:00,-0.0012540420891358206
2023-10-06 04:00:00+00:00,-0.024737067385618428
2023-10-09 04:00:00+00:00,-0.007822373193280718
2023-10-10 04:00:00+00:00,0.004335598847797439
2023-10-11 04:00:00+00:00,-0.012271918177466201
2023-10-12 04:00:00+00:00,0.0037904107924161545
2023-10-13 04:00:00+00:00,0.010357270577833977
2023-10-16 04:00:00+00:00,-0.014981390259699356
2023-10-17 04:00:00+00:00,0.0017433976883838298
2023-10-18 04:00:00+00:00,0.00587245140321857
2023-10-19 04:00:00+00:00,-0.003665556844791862
2023-10-20 04:00:00+00:00,0.014034827900822
2023-10-23 04:00:00+00:00,-0.008112195031643177
2023-10-24 04:00:00+00:00,-0.0036741604495096336
2023-10-25 04:00:00+00:00,-0.030678137785465465
2023-10-26 04:00:00+00:00,0.03751444894170419
2023-10-27 04:00:00+00:00,-0.005855579671488531
2023-10-30 04:00:00+00:00,-0.022740395980514805
2023-10-31 04:00:00+00:00,-0.002371642102922511
2023-11-01 04:00:00+00:00,-0.02354275253035376
2023-11-02 04:00:00+00:00,-0.006501727086001496
2023-11-03 04:00:00+00:00,-0.012861640218459147
2023-11-06 05:00:00+00:00,-0.010572448456099615
2023-11-07 05:00:00+00:00,-0.01121947675142998
2023-11-08 05:00:00+00:00,-0.007405570481062496
2023-11-09 05:00:00+00:00,0.006910906147700735
2023-11-10 05:00:00+00:00,-0.024897016872967193
2023-11-13 05:00:00+00:00,0.008088521824470729
2023-11-14 05:00:00+00:00,-0.009790527381442704
2023-11-15 05:00:00+00:00,-0.00040614084280798934
2023-11-16 05:00:00+00:00,-0.017583118401996556
2023-11-17 05:00:00+00:00,0.016800938319176728
2023-11-20 05:00:00+00:00,-0.020521840831051685
2023-11-21 05:00:00+00:00,0.011577920959295995
2023-11-22 05:00:00+00:00,-0.01281246028524241
2023-11-24 05:00:00+00:00,0.0011113665345783286
2023-11-27 05:00:00+00:00,-0.0031262183778151265
2023-11-28 05:00:00+00:00,-0.010802774104534008
2023-11-29 05:00:00+00:00,0.010059989570212258
2023-11-30 05:00:00+00:00,-0.00015824195893521242
2023-12-01 05:00:00+00:00,0.011612153260060931
2023-12-04 05:00:00+00:00,0.01433878291427737
2023-12-05 05:00:00+00:00,-0.009156339756469123
2023-12-06 05:00:00+00:00,0.009986150088808432
2023-12-07 05:00:00+00:00,-0.005829933572111701
2023-12-08 05:00:00+00:00,-0.008842197252176831
2023-12-11 05:00:00+00:00,0.0078294621911571
2023-12-12 05:00:00+00:00,-0.008295021227713306
2023-12-13 05:00:00+00:00,2.6591611842263774e-05
2023-12-14 05:00:00+00:00,0.022544469420910707
2023-12-15 05:00:00+00:00,-0.013117207067349312
2023-12-18 05:00:00+00:00,-0.005178932690910187
2023-12-19 05:00:00+00:00,-0.0016369652260932455
2023-12-20 05:00:00+00:00,0.007072921520826503
2023-12-21 05:00:00+00:00,-0.007878696661994145
2023-12-22 05:00:00+00:00,-0.0027843226419541622
2023-12-26 05:00:00+00:00,-0.00021344981325643886
2023-12-27 05:00:00+00:00,0.0015747905960298292
2023-12-28 05:00:00+00:00,-0.0032348888955053834
2023-12-29 05:00:00+00:00,-0.0020250684708245092
2024-01-02 05:00:00+00:00,0.013748642162017322
2024-01-03 05:00:00+00:00,0.0007279561937806323
2024-01-04 05:00:00+00:00,0.007177581554097312
2024-01-05 05:00:00+00:00,0.0005163666759759877
2024-01-08 05:00:00+00:00,-0.01887146004148632
2024-01-09 05:00:00+00:00,-0.0029358588854795364
2024-01-10 05:00:00+00:00,-0.018574252553605897
2024-01-11 05:00:00+00:00,-0.004859245570955295
2024-01-12 05:00:00+00:00,-0.009983708288584081
2024-01-16 05:00:00+00:00,-0.0046334625740804825
2024-01-17 05:00:00+00:00,0.002049721510341773
2024-01-18 05:00:00+00:00,-0.01129730221094194
2024-01-19 05:00:00+00:00,-0.012186789810201049
2024-01-22 05:00:00+00:00,0.005418023155864704
2024-01-23 05:00:00+00:00,-0.006027677698761558
2024-01-24 05:00:00+00:00,-0.009175145497620552
2024-01-25 05:00:00+00:00,-0.005738165757640745
2024-01-26 05:00:00+00:00,0.0023217438244034216
2024-01-29 05:00:00+00:00,-0.014334269634796115
2024-01-30 05:00:00+00:00,0.0027580479067977892
2024-01-31 05:00:00+00:00,0.026946284459305136
2024-02-01 05:00:00+00:00,-0.01559438480077624
2024-02-02 05:00:00+00:00,-0.01842576676433816
2024-02-05 05:00:00+00:00,0.013544977483795573
2024-02-06 05:00:00+00:00,0.00039450884186043034
2024-02-07 05:00:00+00:00,-0.02111025641379749
2024-02-08 05:00:00+00:00,-0.0001449394928334513
2024-02-09 05:00:00+00:00,-0.015551353996200667
2024-02-12 05:00:00+00:00,0.012578771282653056
2024-02-13 05:00:00+00:00,0.021528563118004773
2024-02-14 05:00:00+00:00,-0.00966530158720924
2024-02-15 05:00:00+00:00,0.007155202851828468
2024-02-16 05:00:00+00:00,0.006148980623435829
2024-02-20 05:00:00+00:00,0.003143197512371132
2024-02-21 05:00:00+00:00,0.0015145312508432207
2024-02-22 05:00:00+00:00,-0.02354678445090541
2024-02-23 05:00:00+00:00,0.0031824046598726285
2024-02-26 05:00:00+00:00,0.006823674728459461
2024-02-27 05:00:00+00:00,0.00014713533372368026
2024-02-28 05:00:00+00:00,-0.000589085188805516
2024-02-29 05:00:00+00:00,-0.014519674410162997
2024-03-01 05:00:00+00:00,-0.0044967831698286
2024-03-04 05:00:00+00:00,0.0013959317833442952
2024-03-05 05:00:00+00:00,0.02957191157487349
2024-03-06 05:00:00+00:00,0.001390968713769647
2024-03-07 05:00:00+00:00,-0.017533349700779244
2024-03-08 05:00:00+00:00,0.007136732678850732
2024-03-11 04:00:00+00:00,0.004185081076915953
2024-03-12 04:00:00+00:00,-0.02659948168073001
2024-03-13 04:00:00+00:00,0.00043340334387576007
2024-03-14 04:00:00+00:00,-0.024379708647018772
2024-03-15 04:00:00+00:00,0.020695124236470908
2024-03-18 04:00:00+00:00,-0.002161233121378503
2024-03-19 04:00:00+00:00,-0.009800490649582771
2024-03-20 04:00:00+00:00,-0.009064872242085853
2024-03-21 04:00:00+00:00,-0.009735904463114675
2024-03-22 04:00:00+00:00,0.0014672781000426571
2024-03-25 04:00:00+00:00,0.013714525763806273
2024-03-26 04:00:00+00:00,0.0028615022203702933
2024-03-27 04:00:00+00:00,0.0005217862514588223
2024-03-28 04:00:00+00:00,0.0016847352259979909
2024-04-01 04:00:00+00:00,-0.009150964452797616
2024-04-02 04:00:00+00:00,0.007372157126307677
2024-04-03 04:00:00+00:00,0.0023490976815251363
2024-04-04 04:00:00+00:00,0.006112463388256439
2024-04-05 04:00:00+00:00,-0.01828266906205811
2024-04-08 04:00:00+00:00,0.002185582830480426
2024-04-09 04:00:00+00:00,-0.003980390011520507
2024-04-10 04:00:00+00:00,0.007084561043211535
2024-04-11 04:00:00+00:00,-0.011033438019961928
2024-04-12 04:00:00+00:00,0.014091122797273314
2024-04-15 04:00:00+00:00,0.019578097432235042
2024-04-16 04:00:00+00:00,-0.002272377331300035
2024-04-17 04:00:00+00:00,0.006609026656320127
2024-04-18 04:00:00+00:00,0.018380849081749306
2024-04-19 04:00:00+00:00,0.012739012510494585
2024-04-22 04:00:00+00:00,-0.004610114896919537
2024-04-23 04:00:00+00:00,-0.01648549520843967
2024-04-24 04:00:00+00:00,-0.003655711949921203
2024-04-25 04:00:00+00:00,0.024495098695270445
2024-04-26 04:00:00+00:00,-0.018243848815692187
2024-04-29 04:00:00+00:00,0.010016747057075226
2024-04-30 04:00:00+00:00,0.0321194359476783
2024-05-01 04:00:00+00:00,-0.014409345105322657
2024-05-02 04:00:00+00:00,-0.007342932373534117
2024-05-03 04:00:00+00:00,-0.022169665705428887
2024-05-06 04:00:00+00:00,-0.01691838669284751
2024-05-07 04:00:00+00:00,0.010156270943324275
2024-05-08 04:00:00+00:00,-0.00293158714598718
2024-05-09 04:00:00+00:00,-0.004335890810253318
2024-05-10 04:00:00+00:00,-0.005868998158971683
2024-05-13 04:00:00+00:00,0.0024592251190921344
2024-05-14 04:00:00+00:00,-0.0068645261858675255
2024-05-15 04:00:00+00:00,-0.017483915099276492
2024-05-16 04:00:00+00:00,0.004939929215228567
2024-05-17 04:00:00+00:00,0.0018528068507025486
2024-05-20 04:00:00+00:00,-0.012208263083569815
2024-05-21 04:00:00+00:00,-0.008698946180307976
2024-05-22 04:00:00+00:00,-0.003449469694156493
2024-05-23 04:00:00+00:00,0.008176180824498336
2024-05-24 04:00:00+00:00,-0.00740048741804622
2024-05-28 04:00:00+00:00,-0.0003719719898318541
2024-05-29 04:00:00+00:00,0.0026724194998455353
2024-05-30 04:00:00+00:00,0.03378611502073858
2024-05-31 04:00:00+00:00,-0.0011093115114915175
2024-06-03 04:00:00+00:00,0.003878437397867307
2024-06-04 04:00:00+00:00,-0.006166680346746833
2024-06-05 04:00:00+00:00,-0.019083305222027613
2024-06-06 04:00:00+00:00,-0.0012027940086778433
2024-06-07 04:00:00+00:00,0.0015782628915017582
2024-06-10 04:00:00+00:00,-0.009484473324283371
2024-06-11 04:00:00+00:00,-0.01124177754485789
2024-06-12 04:00:00+00:00,-0.01936765255929873
2024-06-13 04:00:00+00:00,-0.0011790680941516918
2024-06-14 04:00:00+00:00,-0.0022418520082851945
2024-06-17 04:00:00+00:00,-0.01310514795470552
2024-06-18 04:00:00+00:00,0.004527385678119278
2024-06-20 04:00:00+00:00,0.0014338125301576188
2024-06-21 04:00:00+00:00,-0.009154079436523022
2024-06-24 04:00:00+00:00,0.004691065343013778
2024-06-25 04:00:00+00:00,-0.007326681983268468
2024-06-26 04:00:00+00:00,-0.002683237908468472
2024-06-27 04:00:00+00:00,-0.0015259340579034664
2024-06-28 04:00:00+00:00,0.01302847004563501
2024-07-01 04:00:00+00:00,-0.021881604976526914
2024-07-02 04:00:00+00:00,-0.005583130929425639
2024-07-03 04:00:00+00:00,-0.0032442164244455007
2024-07-05 04:00:00+00:00,-0.014736259878809888
2024-07-08 04:00:00+00:00,0.0028231993063355665
2024-07-09 04:00:00+00:00,0.014370237384024875
2024-07-10 04:00:00+00:00,-0.01460153908023476
2024-07-11 04:00:00+00:00,0.02477208510294293
2024-07-12 04:00:00+00:00,0.002529334671749872
2024-07-15 04:00:00+00:00,-0.0009039793132463725
2024-07-16 04:00:00+00:00,0.009780406534592001
2024-07-17 04:00:00+00:00,0.013347572325208668
2024-07-18 04:00:00+00:00,0.007102332986707038
2024-07-19 04:00:00+00:00,0.007402876965594052
2024-07-22 04:00:00+00:00,-0.013337632608150907
2024-07-23 04:00:00+00:00,-0.0043121314430654145
2024-07-24 04:00:00+00:00,0.035854790616936305
2024-07-25 04:00:00+00:00,0.024481342824874686
2024-07-26 04:00:00+00:00,-0.01641961893759225
2024-07-29 04:00:00+00:00,-0.0034332556028657812
2024-07-30 04:00:00+00:00,0.008928334055121612
2024-07-31 04:00:00+00:00,0.010805844697452716
2024-08-01 04:00:00+00:00,0.002964052527539396
2024-08-02 04:00:00+00:00,0.020665954588242608
2024-08-05 04:00:00+00:00,0.03265688259800548
2024-08-06 04:00:00+00:00,-0.011286850290698203
2024-08-07 04:00:00+00:00,0.0029528811146544154
2024-08-08 04:00:00+00:00,-0.010691900914814978
2024-08-09 04:00:00+00:00,-0.008269303348064083
2024-08-12 04:00:00+00:00,-0.001945855769243332
2024-08-13 04:00:00+00:00,-0.01769859178861477
2024-08-14 04:00:00+00:00,-0.0068839796552551125
2024-08-15 04:00:00+00:00,-0.011823857823707096
2024-08-16 04:00:00+00:00,0.006080399761040578
2024-08-19 04:00:00+00:00,-0.007312309850996623
2024-08-20 04:00:00+00:00,-0.007757485289926036
2024-08-21 04:00:00+00:00,0.0015536262167613613
2024-08-22 04:00:00+00:00,0.02025278816700604
2024-08-23 04:00:00+00:00,-0.002984016865249961
2024-08-26 04:00:00+00:00,0.00791764397142003
2024-08-27 04:00:00+00:00,-0.0008465506633594799
2024-08-28 04:00:00+00:00,0.007829185219688561
2024-08-29 04:00:00+00:00,-0.006137341901879756
2024-08-30 04:00:00+00:00,-0.00973090735221116
2024-09-03 04:00:00+00:00,0.018459148196565245
2024-09-04 04:00:00+00:00,0.0013188491673196134
2024-09-05 04:00:00+00:00,0.0012471910392933827
2024-09-06 04:00:00+00:00,0.016381394844915964
2024-09-09 04:00:00+00:00,-0.01000731748648187
2024-09-10 04:00:00+00:00,-0.020901243933184155
2024-09-11 04:00:00+00:00,-0.021342255297447377
2024-09-12 04:00:00+00:00,-0.009360905112523632
2024-09-13 04:00:00+00:00,-0.00840736930295738
2024-09-16 04:00:00+00:00,-0.0017417706921769582
2024-09-17 04:00:00+00:00,-0.008833016977753516
2024-09-18 04:00:00+00:00,0.00997356736226962
2024-09-19 04:00:00+00:00,-0.018291138326827827
2024-09-20 04:00:00+00:00,0.00779590528593288
2024-09-23 04:00:00+00:00,0.004043347126540087
2024-09-24 04:00:00+00:00,0.010011367762276624
2024-09-25 04:00:00+00:00,-0.006850339719663534
2024-09-26 04:00:00+00:00,0.001851358039684281
2024-09-27 04:00:00+00:00,0.007627925942330083
2024-09-30 04:00:00+00:00,-0.005326735119663528
2024-10-01 04:00:00+00:00,0.02233319011931101
2024-10-02 04:00:00+00:00,0.008462130872141427
2024-10-03 04:00:00+00:00,0.0014144794060803045
2024-10-04 04:00:00+00:00,0.0011524105689583175
2024-10-07 04:00:00+00:00,0.01567075703767362
2024-10-08 04:00:00+00:00,-0.012623921670488869
2024-10-09 04:00:00+00:00,-0.0066310171280137276
2024-10-10 04:00:00+00:00,0.0038806108650878413
2024-10-11 04:00:00+00:00,-0.0011544250118920019
2024-10-14 04:00:00+00:00,-0.006773562393339816
2024-10-15 04:00:00+00:00,0.0009544342362034497
2024-10-16 04:00:00+00:00,0.006256781412626422
2024-10-17 04:00:00+00:00,-0.0014419300805188495
2024-10-18 04:00:00+00:00,-0.003455589988530683
2024-10-21 04:00:00+00:00,-0.0014826957536875351
2024-10-22 04:00:00+00:00,-0.020846258529336303
2024-10-23 04:00:00+00:00,0.006806951877347145
2024-10-24 04:00:00+00:00,-0.0003062806777116567
2024-10-25 04:00:00+00:00,-0.008052067071176339
2024-10-28 04:00:00+00:00,0.0036435207668470415
2024-10-29 04:00:00+00:00,-0.012564713934255511
2024-10-30 04:00:00+00:00,-0.00134281234014888
2024-10-31 04:00:00+00:00,0.06052758140979908
2024-11-01 04:00:00+00:00,-0.00989287653800952
2024-11-04 05:00:00+00:00,0.0046543695202960755
2024-11-05 05:00:00+00:00,-0.0073447043256171796
2024-11-06 05:00:00+00:00,-0.021192756763894538
2024-11-07 05:00:00+00:00,-0.01249468330150183
2024-11-08 05:00:00+00:00,0.006793103939828682
2024-11-11 05:00:00+00:00,0.010720826471335543
2024-11-12 05:00:00+00:00,-0.012009274800190317
2024-11-13 05:00:00+00:00,-0.005129766623924725
2024-11-14 05:00:00+00:00,-0.003974574193567726
2024-11-15 05:00:00+00:00,0.027852779501214786
2024-11-18 05:00:00+00:00,-0.0018315082494666513
2024-11-19 05:00:00+00:00,-0.004882485743850085
2024-11-20 05:00:00+00:00,0.005505156260854349
2024-11-21 05:00:00+00:00,0.004316785172784554
2024-11-22 05:00:00+00:00,-0.010003206357248384
2024-11-25 05:00:00+00:00,-0.004292487169968773
2024-11-26 05:00:00+00:00,-0.02196810579541042
2024-11-27 05:00:00+00:00,0.01168250377688762
2024-11-29 05:00:00+00:00,-0.0011111810319113236
2024-12-02 05:00:00+00:00,-0.017758433644402105
2024-12-03 05:00:00+00:00,-0.0005105043890838434
2024-12-04 05:00:00+00:00,-0.014424756389864957
2024-12-05 05:00:00+00:00,-0.011887893093393664
2024-12-06 05:00:00+00:00,-0.0021463356507571696
2024-12-09 05:00:00+00:00,-0.005523339940131544
2024-12-10 05:00:00+00:00,0.006031084399526265
2024-12-11 05:00:00+00:00,-0.012766978541415286
2024-12-12 05:00:00+00:00,-0.001269462064590332
2024-12-13 05:00:00+00:00,0.005093871439144526
2024-12-16 05:00:00+00:00,-0.00965865422985801
2024-12-17 05:00:00+00:00,-0.006355281292021564
2024-12-18 05:00:00+00:00,0.037560993441939416
2024-12-19 05:00:00+00:00,0.0008230513686988683
2024-12-20 05:00:00+00:00,0.0009839107105092948
2024-12-23 05:00:00+00:00,0.00309206266848161
2024-12-24 05:00:00+00:00,-0.009373777940987038
2024-12-26 05:00:00+00:00,0.0027768663772489433
2024-12-27 05:00:00+00:00,0.01730155900742336
2024-12-30 05:00:00+00:00,0.013239506041078708
