timestamp,MSFT
2020-04-29T04:00:00+00:00,0.0
2020-04-30T04:00:00+00:00,0.0
2020-05-01T04:00:00+00:00,0.0
2020-05-04T04:00:00+00:00,0.0
2020-05-05T04:00:00+00:00,0.0
2020-05-06T04:00:00+00:00,0.0
2020-05-07T04:00:00+00:00,0.0
2020-05-08T04:00:00+00:00,0.0
2020-05-11T04:00:00+00:00,0.0
2020-05-12T04:00:00+00:00,0.0
2020-05-13T04:00:00+00:00,0.0
2020-05-14T04:00:00+00:00,0.0
2020-05-15T04:00:00+00:00,0.0
2020-05-18T04:00:00+00:00,0.0
2020-05-19T04:00:00+00:00,0.0
2020-05-20T04:00:00+00:00,0.0
2020-05-21T04:00:00+00:00,0.0
2020-05-22T04:00:00+00:00,0.0
2020-05-26T04:00:00+00:00,0.0
2020-05-27T04:00:00+00:00,0.0
2020-05-28T04:00:00+00:00,0.0
2020-05-29T04:00:00+00:00,0.0
2020-06-01T04:00:00+00:00,0.0
2020-06-02T04:00:00+00:00,0.0
2020-06-03T04:00:00+00:00,0.0
2020-06-04T04:00:00+00:00,0.0
2020-06-05T04:00:00+00:00,0.0
2020-06-08T04:00:00+00:00,0.0
2020-06-09T04:00:00+00:00,0.0
2020-06-10T04:00:00+00:00,0.0
2020-06-11T04:00:00+00:00,0.0
2020-06-12T04:00:00+00:00,0.0
2020-06-15T04:00:00+00:00,0.0
2020-06-16T04:00:00+00:00,0.0
2020-06-17T04:00:00+00:00,0.0
2020-06-18T04:00:00+00:00,0.0
2020-06-19T04:00:00+00:00,0.0
2020-06-22T04:00:00+00:00,0.0
2020-06-23T04:00:00+00:00,0.0
2020-06-24T04:00:00+00:00,0.0
2020-06-25T04:00:00+00:00,0.0
2020-06-26T04:00:00+00:00,0.0
2020-06-29T04:00:00+00:00,0.0
2020-06-30T04:00:00+00:00,0.0
2020-07-01T04:00:00+00:00,0.0
2020-07-02T04:00:00+00:00,0.0
2020-07-06T04:00:00+00:00,0.0
2020-07-07T04:00:00+00:00,0.0
2020-07-08T04:00:00+00:00,0.0
2020-07-09T04:00:00+00:00,0.0
2020-07-10T04:00:00+00:00,0.0
2020-07-13T04:00:00+00:00,0.0
2020-07-14T04:00:00+00:00,0.0
2020-07-15T04:00:00+00:00,0.0
2020-07-16T04:00:00+00:00,0.0
2020-07-17T04:00:00+00:00,0.0
2020-07-20T04:00:00+00:00,0.0
2020-07-21T04:00:00+00:00,0.0
2020-07-22T04:00:00+00:00,0.0
2020-07-23T04:00:00+00:00,0.0
2020-07-24T04:00:00+00:00,0.0
2020-07-27T04:00:00+00:00,0.0
2020-07-28T04:00:00+00:00,0.0
2020-07-29T04:00:00+00:00,0.0
2020-07-30T04:00:00+00:00,0.0
2020-07-31T04:00:00+00:00,0.0
2020-08-03T04:00:00+00:00,0.0
2020-08-04T04:00:00+00:00,0.0
2020-08-05T04:00:00+00:00,0.0
2020-08-06T04:00:00+00:00,0.0
2020-08-07T04:00:00+00:00,0.0
2020-08-10T04:00:00+00:00,0.0
2020-08-11T04:00:00+00:00,0.0
2020-08-12T04:00:00+00:00,0.0
2020-08-13T04:00:00+00:00,0.0
2020-08-14T04:00:00+00:00,0.0
2020-08-17T04:00:00+00:00,0.0
2020-08-18T04:00:00+00:00,0.0
2020-08-19T04:00:00+00:00,0.0
2020-08-20T04:00:00+00:00,0.0
2020-08-21T04:00:00+00:00,0.0
2020-08-24T04:00:00+00:00,0.0
2020-08-25T04:00:00+00:00,0.0
2020-08-26T04:00:00+00:00,0.0
2020-08-27T04:00:00+00:00,0.0
2020-08-28T04:00:00+00:00,0.0
2020-08-31T04:00:00+00:00,0.0
2020-09-01T04:00:00+00:00,0.0
2020-09-02T04:00:00+00:00,0.0
2020-09-03T04:00:00+00:00,0.0
2020-09-04T04:00:00+00:00,0.0
2020-09-08T04:00:00+00:00,0.0
2020-09-09T04:00:00+00:00,0.0
2020-09-10T04:00:00+00:00,0.0
2020-09-11T04:00:00+00:00,0.0
2020-09-14T04:00:00+00:00,0.0
2020-09-15T04:00:00+00:00,0.0
2020-09-16T04:00:00+00:00,0.0
2020-09-17T04:00:00+00:00,0.0
2020-09-18T04:00:00+00:00,0.0
2020-09-21T04:00:00+00:00,0.0
2020-09-22T04:00:00+00:00,0.0
2020-09-23T04:00:00+00:00,0.0
2020-09-24T04:00:00+00:00,0.0
2020-09-25T04:00:00+00:00,0.0
2020-09-28T04:00:00+00:00,0.0
2020-09-29T04:00:00+00:00,0.0
2020-09-30T04:00:00+00:00,0.0
2020-10-01T04:00:00+00:00,0.0
2020-10-02T04:00:00+00:00,0.0
2020-10-05T04:00:00+00:00,0.0
2020-10-06T04:00:00+00:00,0.0
2020-10-07T04:00:00+00:00,0.0
2020-10-08T04:00:00+00:00,0.0
2020-10-09T04:00:00+00:00,0.0
2020-10-12T04:00:00+00:00,0.0
2020-10-13T04:00:00+00:00,0.0
2020-10-14T04:00:00+00:00,0.0
2020-10-15T04:00:00+00:00,0.0
2020-10-16T04:00:00+00:00,0.0
2020-10-19T04:00:00+00:00,0.0
2020-10-20T04:00:00+00:00,0.0
2020-10-21T04:00:00+00:00,0.0
2020-10-22T04:00:00+00:00,0.0
2020-10-23T04:00:00+00:00,0.0
2020-10-26T04:00:00+00:00,0.0
2020-10-27T04:00:00+00:00,0.0
2020-10-28T04:00:00+00:00,0.0
2020-10-29T04:00:00+00:00,0.0
2020-10-30T04:00:00+00:00,0.0
2020-11-02T05:00:00+00:00,0.0
2020-11-03T05:00:00+00:00,0.0
2020-11-04T05:00:00+00:00,0.0
2020-11-05T05:00:00+00:00,0.0
2020-11-06T05:00:00+00:00,0.0
2020-11-09T05:00:00+00:00,0.0
2020-11-10T05:00:00+00:00,0.0
2020-11-11T05:00:00+00:00,0.0
2020-11-12T05:00:00+00:00,0.0
2020-11-13T05:00:00+00:00,0.0
2020-11-16T05:00:00+00:00,0.0
2020-11-17T05:00:00+00:00,0.0
2020-11-18T05:00:00+00:00,0.0
2020-11-19T05:00:00+00:00,0.0
2020-11-20T05:00:00+00:00,0.0
2020-11-23T05:00:00+00:00,0.0
2020-11-24T05:00:00+00:00,0.0
2020-11-25T05:00:00+00:00,0.0
2020-11-27T05:00:00+00:00,0.0
2020-11-30T05:00:00+00:00,0.0
2020-12-01T05:00:00+00:00,0.0
2020-12-02T05:00:00+00:00,0.0
2020-12-03T05:00:00+00:00,0.0
2020-12-04T05:00:00+00:00,0.0
2020-12-07T05:00:00+00:00,0.0
2020-12-08T05:00:00+00:00,0.0
2020-12-09T05:00:00+00:00,0.0
2020-12-10T05:00:00+00:00,0.0
2020-12-11T05:00:00+00:00,0.0
2020-12-14T05:00:00+00:00,0.0
2020-12-15T05:00:00+00:00,0.0
2020-12-16T05:00:00+00:00,0.0
2020-12-17T05:00:00+00:00,0.0
2020-12-18T05:00:00+00:00,0.0
2020-12-21T05:00:00+00:00,0.0
2020-12-22T05:00:00+00:00,0.0
2020-12-23T05:00:00+00:00,0.0
2020-12-24T05:00:00+00:00,0.0
2020-12-28T05:00:00+00:00,0.0
2020-12-29T05:00:00+00:00,0.0
2020-12-30T05:00:00+00:00,0.0
2020-12-31T05:00:00+00:00,0.0
2021-01-04T05:00:00+00:00,0.0
2021-01-05T05:00:00+00:00,0.0
2021-01-06T05:00:00+00:00,0.0
2021-01-07T05:00:00+00:00,0.0
2021-01-08T05:00:00+00:00,0.0
2021-01-11T05:00:00+00:00,0.0
2021-01-12T05:00:00+00:00,0.0
2021-01-13T05:00:00+00:00,0.0
2021-01-14T05:00:00+00:00,0.0
2021-01-15T05:00:00+00:00,0.0
2021-01-19T05:00:00+00:00,0.0
2021-01-20T05:00:00+00:00,0.0
2021-01-21T05:00:00+00:00,0.0
2021-01-22T05:00:00+00:00,0.0
2021-01-25T05:00:00+00:00,0.0
2021-01-26T05:00:00+00:00,0.0
2021-01-27T05:00:00+00:00,0.0
2021-01-28T05:00:00+00:00,0.0
2021-01-29T05:00:00+00:00,0.0
2021-02-01T05:00:00+00:00,0.0
2021-02-02T05:00:00+00:00,-1.0
2021-02-03T05:00:00+00:00,-1.0
2021-02-04T05:00:00+00:00,-1.0
2021-02-05T05:00:00+00:00,-1.0
2021-02-08T05:00:00+00:00,-1.0
2021-02-09T05:00:00+00:00,-1.0
2021-02-10T05:00:00+00:00,-1.0
2021-02-11T05:00:00+00:00,-1.0
2021-02-12T05:00:00+00:00,-1.0
2021-02-16T05:00:00+00:00,-1.0
2021-02-17T05:00:00+00:00,-1.0
2021-02-18T05:00:00+00:00,-1.0
2021-02-19T05:00:00+00:00,-1.0
2021-02-22T05:00:00+00:00,-1.0
2021-02-23T05:00:00+00:00,-1.0
2021-02-24T05:00:00+00:00,-1.0
2021-02-25T05:00:00+00:00,-1.0
2021-02-26T05:00:00+00:00,-1.0
2021-03-01T05:00:00+00:00,-1.0
2021-03-02T05:00:00+00:00,-1.0
2021-03-03T05:00:00+00:00,-1.0
2021-03-04T05:00:00+00:00,-1.0
2021-03-05T05:00:00+00:00,-1.0
2021-03-08T05:00:00+00:00,-1.0
2021-03-09T05:00:00+00:00,-1.0
2021-03-10T05:00:00+00:00,-1.0
2021-03-11T05:00:00+00:00,-1.0
2021-03-12T05:00:00+00:00,-1.0
2021-03-15T04:00:00+00:00,-1.0
2021-03-16T04:00:00+00:00,-1.0
2021-03-17T04:00:00+00:00,-1.0
2021-03-18T04:00:00+00:00,-1.0
2021-03-19T04:00:00+00:00,-1.0
2021-03-22T04:00:00+00:00,-1.0
2021-03-23T04:00:00+00:00,-1.0
2021-03-24T04:00:00+00:00,-1.0
2021-03-25T04:00:00+00:00,-1.0
2021-03-26T04:00:00+00:00,-1.0
2021-03-29T04:00:00+00:00,-1.0
2021-03-30T04:00:00+00:00,-1.0
2021-03-31T04:00:00+00:00,-1.0
2021-04-01T04:00:00+00:00,-1.0
2021-04-05T04:00:00+00:00,-1.0
2021-04-06T04:00:00+00:00,-1.0
2021-04-07T04:00:00+00:00,-1.0
2021-04-08T04:00:00+00:00,-1.0
2021-04-09T04:00:00+00:00,-1.0
2021-04-12T04:00:00+00:00,-1.0
2021-04-13T04:00:00+00:00,-1.0
2021-04-14T04:00:00+00:00,-1.0
2021-04-15T04:00:00+00:00,-1.0
2021-04-16T04:00:00+00:00,-1.0
2021-04-19T04:00:00+00:00,-1.0
2021-04-20T04:00:00+00:00,-1.0
2021-04-21T04:00:00+00:00,-1.0
2021-04-22T04:00:00+00:00,-1.0
2021-04-23T04:00:00+00:00,-1.0
2021-04-26T04:00:00+00:00,-1.0
2021-04-27T04:00:00+00:00,-1.0
2021-04-28T04:00:00+00:00,-1.0
2021-04-29T04:00:00+00:00,-1.0
2021-04-30T04:00:00+00:00,-1.0
2021-05-03T04:00:00+00:00,-1.0
2021-05-04T04:00:00+00:00,-1.0
2021-05-05T04:00:00+00:00,-1.0
2021-05-06T04:00:00+00:00,-1.0
2021-05-07T04:00:00+00:00,-1.0
2021-05-10T04:00:00+00:00,-1.0
2021-05-11T04:00:00+00:00,-1.0
2021-05-12T04:00:00+00:00,-1.0
2021-05-13T04:00:00+00:00,-1.0
2021-05-14T04:00:00+00:00,-1.0
2021-05-17T04:00:00+00:00,-1.0
2021-05-18T04:00:00+00:00,-1.0
2021-05-19T04:00:00+00:00,-1.0
2021-05-20T04:00:00+00:00,-1.0
2021-05-21T04:00:00+00:00,-1.0
2021-05-24T04:00:00+00:00,-1.0
2021-05-25T04:00:00+00:00,-1.0
2021-05-26T04:00:00+00:00,-1.0
2021-05-27T04:00:00+00:00,-1.0
2021-05-28T04:00:00+00:00,-1.0
2021-06-01T04:00:00+00:00,-1.0
2021-06-02T04:00:00+00:00,-1.0
2021-06-03T04:00:00+00:00,-1.0
2021-06-04T04:00:00+00:00,-1.0
2021-06-07T04:00:00+00:00,-1.0
2021-06-08T04:00:00+00:00,-1.0
2021-06-09T04:00:00+00:00,-1.0
2021-06-10T04:00:00+00:00,-1.0
2021-06-11T04:00:00+00:00,-1.0
2021-06-14T04:00:00+00:00,-1.0
2021-06-15T04:00:00+00:00,-1.0
2021-06-16T04:00:00+00:00,-1.0
2021-06-17T04:00:00+00:00,-1.0
2021-06-18T04:00:00+00:00,-1.0
2021-06-21T04:00:00+00:00,-1.0
2021-06-22T04:00:00+00:00,-1.0
2021-06-23T04:00:00+00:00,-1.0
2021-06-24T04:00:00+00:00,-1.0
2021-06-25T04:00:00+00:00,-1.0
2021-06-28T04:00:00+00:00,-1.0
2021-06-29T04:00:00+00:00,-1.0
2021-06-30T04:00:00+00:00,-1.0
2021-07-01T04:00:00+00:00,-1.0
2021-07-02T04:00:00+00:00,-1.0
2021-07-06T04:00:00+00:00,-1.0
2021-07-07T04:00:00+00:00,-1.0
2021-07-08T04:00:00+00:00,-1.0
2021-07-09T04:00:00+00:00,-1.0
2021-07-12T04:00:00+00:00,-1.0
2021-07-13T04:00:00+00:00,-1.0
2021-07-14T04:00:00+00:00,-1.0
2021-07-15T04:00:00+00:00,-1.0
2021-07-16T04:00:00+00:00,-1.0
2021-07-19T04:00:00+00:00,-1.0
2021-07-20T04:00:00+00:00,-1.0
2021-07-21T04:00:00+00:00,-1.0
2021-07-22T04:00:00+00:00,-1.0
2021-07-23T04:00:00+00:00,-1.0
2021-07-26T04:00:00+00:00,-1.0
2021-07-27T04:00:00+00:00,-1.0
2021-07-28T04:00:00+00:00,-1.0
2021-07-29T04:00:00+00:00,-1.0
2021-07-30T04:00:00+00:00,-1.0
2021-08-02T04:00:00+00:00,-1.0
2021-08-03T04:00:00+00:00,-1.0
2021-08-04T04:00:00+00:00,-1.0
2021-08-05T04:00:00+00:00,-1.0
2021-08-06T04:00:00+00:00,-1.0
2021-08-09T04:00:00+00:00,-1.0
2021-08-10T04:00:00+00:00,-1.0
2021-08-11T04:00:00+00:00,-1.0
2021-08-12T04:00:00+00:00,-1.0
2021-08-13T04:00:00+00:00,-1.0
2021-08-16T04:00:00+00:00,-1.0
2021-08-17T04:00:00+00:00,-1.0
2021-08-18T04:00:00+00:00,-1.0
2021-08-19T04:00:00+00:00,-1.0
2021-08-20T04:00:00+00:00,-1.0
2021-08-23T04:00:00+00:00,-1.0
2021-08-24T04:00:00+00:00,-1.0
2021-08-25T04:00:00+00:00,-1.0
2021-08-26T04:00:00+00:00,-1.0
2021-08-27T04:00:00+00:00,-1.0
2021-08-30T04:00:00+00:00,-1.0
2021-08-31T04:00:00+00:00,-1.0
2021-09-01T04:00:00+00:00,-1.0
2021-09-02T04:00:00+00:00,-1.0
2021-09-03T04:00:00+00:00,-1.0
2021-09-07T04:00:00+00:00,-1.0
2021-09-08T04:00:00+00:00,-1.0
2021-09-09T04:00:00+00:00,-1.0
2021-09-10T04:00:00+00:00,-1.0
2021-09-13T04:00:00+00:00,-1.0
2021-09-14T04:00:00+00:00,-1.0
2021-09-15T04:00:00+00:00,-1.0
2021-09-16T04:00:00+00:00,-1.0
2021-09-17T04:00:00+00:00,-1.0
2021-09-20T04:00:00+00:00,-1.0
2021-09-21T04:00:00+00:00,-1.0
2021-09-22T04:00:00+00:00,-1.0
2021-09-23T04:00:00+00:00,-1.0
2021-09-24T04:00:00+00:00,-1.0
2021-09-27T04:00:00+00:00,-1.0
2021-09-28T04:00:00+00:00,-1.0
2021-09-29T04:00:00+00:00,-1.0
2021-09-30T04:00:00+00:00,-1.0
2021-10-01T04:00:00+00:00,-1.0
2021-10-04T04:00:00+00:00,-1.0
2021-10-05T04:00:00+00:00,-1.0
2021-10-06T04:00:00+00:00,-1.0
2021-10-07T04:00:00+00:00,-1.0
2021-10-08T04:00:00+00:00,-1.0
2021-10-11T04:00:00+00:00,-1.0
2021-10-12T04:00:00+00:00,-1.0
2021-10-13T04:00:00+00:00,-1.0
2021-10-14T04:00:00+00:00,-1.0
2021-10-15T04:00:00+00:00,-1.0
2021-10-18T04:00:00+00:00,-1.0
2021-10-19T04:00:00+00:00,-1.0
2021-10-20T04:00:00+00:00,-1.0
2021-10-21T04:00:00+00:00,-1.0
2021-10-22T04:00:00+00:00,-1.0
2021-10-25T04:00:00+00:00,-1.0
2021-10-26T04:00:00+00:00,-1.0
2021-10-27T04:00:00+00:00,-1.0
2021-10-28T04:00:00+00:00,-1.0
2021-10-29T04:00:00+00:00,-1.0
2021-11-01T04:00:00+00:00,-1.0
2021-11-02T04:00:00+00:00,-1.0
2021-11-03T04:00:00+00:00,-1.0
2021-11-04T04:00:00+00:00,-1.0
2021-11-05T04:00:00+00:00,-1.0
2021-11-08T05:00:00+00:00,-1.0
2021-11-09T05:00:00+00:00,-1.0
2021-11-10T05:00:00+00:00,-1.0
2021-11-11T05:00:00+00:00,-1.0
2021-11-12T05:00:00+00:00,-1.0
2021-11-15T05:00:00+00:00,-1.0
2021-11-16T05:00:00+00:00,-1.0
2021-11-17T05:00:00+00:00,-1.0
2021-11-18T05:00:00+00:00,-1.0
2021-11-19T05:00:00+00:00,-1.0
2021-11-22T05:00:00+00:00,-1.0
2021-11-23T05:00:00+00:00,-1.0
2021-11-24T05:00:00+00:00,-1.0
2021-11-26T05:00:00+00:00,-1.0
2021-11-29T05:00:00+00:00,-1.0
2021-11-30T05:00:00+00:00,-1.0
2021-12-01T05:00:00+00:00,-1.0
2021-12-02T05:00:00+00:00,-1.0
2021-12-03T05:00:00+00:00,-1.0
2021-12-06T05:00:00+00:00,-1.0
2021-12-07T05:00:00+00:00,-1.0
2021-12-08T05:00:00+00:00,-1.0
2021-12-09T05:00:00+00:00,-1.0
2021-12-10T05:00:00+00:00,-1.0
2021-12-13T05:00:00+00:00,-1.0
2021-12-14T05:00:00+00:00,-1.0
2021-12-15T05:00:00+00:00,-1.0
2021-12-16T05:00:00+00:00,-1.0
2021-12-17T05:00:00+00:00,-1.0
2021-12-20T05:00:00+00:00,-1.0
2021-12-21T05:00:00+00:00,-1.0
2021-12-22T05:00:00+00:00,-1.0
2021-12-23T05:00:00+00:00,-1.0
2021-12-27T05:00:00+00:00,-1.0
2021-12-28T05:00:00+00:00,-1.0
2021-12-29T05:00:00+00:00,-1.0
2021-12-30T05:00:00+00:00,-1.0
2021-12-31T05:00:00+00:00,-1.0
2022-01-03T05:00:00+00:00,-1.0
2022-01-04T05:00:00+00:00,-1.0
2022-01-05T05:00:00+00:00,-1.0
2022-01-06T05:00:00+00:00,-1.0
2022-01-07T05:00:00+00:00,-1.0
2022-01-10T05:00:00+00:00,-1.0
2022-01-11T05:00:00+00:00,-1.0
2022-01-12T05:00:00+00:00,-1.0
2022-01-13T05:00:00+00:00,-1.0
2022-01-14T05:00:00+00:00,-1.0
2022-01-18T05:00:00+00:00,-1.0
2022-01-19T05:00:00+00:00,-1.0
2022-01-20T05:00:00+00:00,-1.0
2022-01-21T05:00:00+00:00,-1.0
2022-01-24T05:00:00+00:00,-1.0
2022-01-25T05:00:00+00:00,-1.0
2022-01-26T05:00:00+00:00,-1.0
2022-01-27T05:00:00+00:00,-1.0
2022-01-28T05:00:00+00:00,-1.0
2022-01-31T05:00:00+00:00,-1.0
2022-02-01T05:00:00+00:00,-1.0
2022-02-02T05:00:00+00:00,-1.0
2022-02-03T05:00:00+00:00,-1.0
2022-02-04T05:00:00+00:00,-1.0
2022-02-07T05:00:00+00:00,-1.0
2022-02-08T05:00:00+00:00,-1.0
2022-02-09T05:00:00+00:00,-1.0
2022-02-10T05:00:00+00:00,-1.0
2022-02-11T05:00:00+00:00,-1.0
2022-02-14T05:00:00+00:00,-1.0
2022-02-15T05:00:00+00:00,-1.0
2022-02-16T05:00:00+00:00,-1.0
2022-02-17T05:00:00+00:00,-1.0
2022-02-18T05:00:00+00:00,-1.0
2022-02-22T05:00:00+00:00,-1.0
2022-02-23T05:00:00+00:00,-1.0
2022-02-24T05:00:00+00:00,-1.0
2022-02-25T05:00:00+00:00,-1.0
2022-02-28T05:00:00+00:00,-1.0
2022-03-01T05:00:00+00:00,-1.0
2022-03-02T05:00:00+00:00,-1.0
2022-03-03T05:00:00+00:00,-1.0
2022-03-04T05:00:00+00:00,-1.0
2022-03-07T05:00:00+00:00,-1.0
2022-03-08T05:00:00+00:00,-1.0
2022-03-09T05:00:00+00:00,-1.0
2022-03-10T05:00:00+00:00,-1.0
2022-03-11T05:00:00+00:00,-1.0
2022-03-14T04:00:00+00:00,-1.0
2022-03-15T04:00:00+00:00,-1.0
2022-03-16T04:00:00+00:00,-1.0
2022-03-17T04:00:00+00:00,-1.0
2022-03-18T04:00:00+00:00,-1.0
2022-03-21T04:00:00+00:00,-1.0
2022-03-22T04:00:00+00:00,-1.0
2022-03-23T04:00:00+00:00,-1.0
2022-03-24T04:00:00+00:00,-1.0
2022-03-25T04:00:00+00:00,-1.0
2022-03-28T04:00:00+00:00,-1.0
2022-03-29T04:00:00+00:00,-1.0
2022-03-30T04:00:00+00:00,-1.0
2022-03-31T04:00:00+00:00,-1.0
2022-04-01T04:00:00+00:00,-1.0
2022-04-04T04:00:00+00:00,-1.0
2022-04-05T04:00:00+00:00,-1.0
2022-04-06T04:00:00+00:00,-1.0
2022-04-07T04:00:00+00:00,-1.0
2022-04-08T04:00:00+00:00,-1.0
2022-04-11T04:00:00+00:00,-1.0
2022-04-12T04:00:00+00:00,-1.0
2022-04-13T04:00:00+00:00,-1.0
2022-04-14T04:00:00+00:00,-1.0
2022-04-18T04:00:00+00:00,-1.0
2022-04-19T04:00:00+00:00,-1.0
2022-04-20T04:00:00+00:00,-1.0
2022-04-21T04:00:00+00:00,-1.0
2022-04-22T04:00:00+00:00,-1.0
2022-04-25T04:00:00+00:00,-1.0
2022-04-26T04:00:00+00:00,-1.0
2022-04-27T04:00:00+00:00,-1.0
2022-04-28T04:00:00+00:00,-1.0
2022-04-29T04:00:00+00:00,-1.0
2022-05-02T04:00:00+00:00,-1.0
2022-05-03T04:00:00+00:00,-1.0
2022-05-04T04:00:00+00:00,-1.0
2022-05-05T04:00:00+00:00,-1.0
2022-05-06T04:00:00+00:00,-1.0
2022-05-09T04:00:00+00:00,-1.0
2022-05-10T04:00:00+00:00,-1.0
2022-05-11T04:00:00+00:00,-1.0
2022-05-12T04:00:00+00:00,-1.0
2022-05-13T04:00:00+00:00,-1.0
2022-05-16T04:00:00+00:00,-1.0
2022-05-17T04:00:00+00:00,-1.0
2022-05-18T04:00:00+00:00,-1.0
2022-05-19T04:00:00+00:00,-1.0
2022-05-20T04:00:00+00:00,-1.0
2022-05-23T04:00:00+00:00,-1.0
2022-05-24T04:00:00+00:00,-1.0
2022-05-25T04:00:00+00:00,-1.0
2022-05-26T04:00:00+00:00,-1.0
2022-05-27T04:00:00+00:00,-1.0
2022-05-31T04:00:00+00:00,-1.0
2022-06-01T04:00:00+00:00,-1.0
2022-06-02T04:00:00+00:00,-1.0
2022-06-03T04:00:00+00:00,-1.0
2022-06-06T04:00:00+00:00,-1.0
2022-06-07T04:00:00+00:00,-1.0
2022-06-08T04:00:00+00:00,-1.0
2022-06-09T04:00:00+00:00,-1.0
2022-06-10T04:00:00+00:00,-1.0
2022-06-13T04:00:00+00:00,-1.0
2022-06-14T04:00:00+00:00,-1.0
2022-06-15T04:00:00+00:00,-1.0
2022-06-16T04:00:00+00:00,-1.0
2022-06-17T04:00:00+00:00,-1.0
2022-06-21T04:00:00+00:00,-1.0
2022-06-22T04:00:00+00:00,-1.0
2022-06-23T04:00:00+00:00,-1.0
2022-06-24T04:00:00+00:00,-1.0
2022-06-27T04:00:00+00:00,-1.0
2022-06-28T04:00:00+00:00,-1.0
2022-06-29T04:00:00+00:00,-1.0
2022-06-30T04:00:00+00:00,-1.0
2022-07-01T04:00:00+00:00,-1.0
2022-07-05T04:00:00+00:00,-1.0
2022-07-06T04:00:00+00:00,-1.0
2022-07-07T04:00:00+00:00,-1.0
2022-07-08T04:00:00+00:00,-1.0
2022-07-11T04:00:00+00:00,-1.0
2022-07-12T04:00:00+00:00,-1.0
2022-07-13T04:00:00+00:00,-1.0
2022-07-14T04:00:00+00:00,-1.0
2022-07-15T04:00:00+00:00,-1.0
2022-07-18T04:00:00+00:00,-1.0
2022-07-19T04:00:00+00:00,-1.0
2022-07-20T04:00:00+00:00,-1.0
2022-07-21T04:00:00+00:00,-1.0
2022-07-22T04:00:00+00:00,-1.0
2022-07-25T04:00:00+00:00,-1.0
2022-07-26T04:00:00+00:00,-1.0
2022-07-27T04:00:00+00:00,-1.0
2022-07-28T04:00:00+00:00,-1.0
2022-07-29T04:00:00+00:00,-1.0
2022-08-01T04:00:00+00:00,-1.0
2022-08-02T04:00:00+00:00,-1.0
2022-08-03T04:00:00+00:00,-1.0
2022-08-04T04:00:00+00:00,-1.0
2022-08-05T04:00:00+00:00,-1.0
2022-08-08T04:00:00+00:00,-1.0
2022-08-09T04:00:00+00:00,-1.0
2022-08-10T04:00:00+00:00,-1.0
2022-08-11T04:00:00+00:00,-1.0
2022-08-12T04:00:00+00:00,-1.0
2022-08-15T04:00:00+00:00,-1.0
2022-08-16T04:00:00+00:00,-1.0
2022-08-17T04:00:00+00:00,-1.0
2022-08-18T04:00:00+00:00,-1.0
2022-08-19T04:00:00+00:00,-1.0
2022-08-22T04:00:00+00:00,-1.0
2022-08-23T04:00:00+00:00,-1.0
2022-08-24T04:00:00+00:00,-1.0
2022-08-25T04:00:00+00:00,-1.0
2022-08-26T04:00:00+00:00,-1.0
2022-08-29T04:00:00+00:00,-1.0
2022-08-30T04:00:00+00:00,-1.0
2022-08-31T04:00:00+00:00,-1.0
2022-09-01T04:00:00+00:00,-1.0
2022-09-02T04:00:00+00:00,-1.0
2022-09-06T04:00:00+00:00,-1.0
2022-09-07T04:00:00+00:00,-1.0
2022-09-08T04:00:00+00:00,-1.0
2022-09-09T04:00:00+00:00,-1.0
2022-09-12T04:00:00+00:00,-1.0
2022-09-13T04:00:00+00:00,-1.0
2022-09-14T04:00:00+00:00,-1.0
2022-09-15T04:00:00+00:00,-1.0
2022-09-16T04:00:00+00:00,-1.0
2022-09-19T04:00:00+00:00,-1.0
2022-09-20T04:00:00+00:00,-1.0
2022-09-21T04:00:00+00:00,-1.0
2022-09-22T04:00:00+00:00,-1.0
2022-09-23T04:00:00+00:00,-1.0
2022-09-26T04:00:00+00:00,-1.0
2022-09-27T04:00:00+00:00,-1.0
2022-09-28T04:00:00+00:00,-1.0
2022-09-29T04:00:00+00:00,-1.0
2022-09-30T04:00:00+00:00,-1.0
2022-10-03T04:00:00+00:00,-1.0
2022-10-04T04:00:00+00:00,-1.0
2022-10-05T04:00:00+00:00,-1.0
2022-10-06T04:00:00+00:00,-1.0
2022-10-07T04:00:00+00:00,-1.0
2022-10-10T04:00:00+00:00,-1.0
2022-10-11T04:00:00+00:00,-1.0
2022-10-12T04:00:00+00:00,-1.0
2022-10-13T04:00:00+00:00,-1.0
2022-10-14T04:00:00+00:00,-1.0
2022-10-17T04:00:00+00:00,-1.0
2022-10-18T04:00:00+00:00,-1.0
2022-10-19T04:00:00+00:00,-1.0
2022-10-20T04:00:00+00:00,-1.0
2022-10-21T04:00:00+00:00,-1.0
2022-10-24T04:00:00+00:00,-1.0
2022-10-25T04:00:00+00:00,-1.0
2022-10-26T04:00:00+00:00,-1.0
2022-10-27T04:00:00+00:00,-1.0
2022-10-28T04:00:00+00:00,-1.0
2022-10-31T04:00:00+00:00,-1.0
2022-11-01T04:00:00+00:00,-1.0
2022-11-02T04:00:00+00:00,-1.0
2022-11-03T04:00:00+00:00,-1.0
2022-11-04T04:00:00+00:00,-1.0
2022-11-07T05:00:00+00:00,-1.0
2022-11-08T05:00:00+00:00,-1.0
2022-11-09T05:00:00+00:00,-1.0
2022-11-10T05:00:00+00:00,-1.0
2022-11-11T05:00:00+00:00,-1.0
2022-11-14T05:00:00+00:00,-1.0
2022-11-15T05:00:00+00:00,-1.0
2022-11-16T05:00:00+00:00,-1.0
2022-11-17T05:00:00+00:00,-1.0
2022-11-18T05:00:00+00:00,-1.0
2022-11-21T05:00:00+00:00,-1.0
2022-11-22T05:00:00+00:00,-1.0
2022-11-23T05:00:00+00:00,-1.0
2022-11-25T05:00:00+00:00,-1.0
2022-11-28T05:00:00+00:00,-1.0
2022-11-29T05:00:00+00:00,-1.0
2022-11-30T05:00:00+00:00,-1.0
2022-12-01T05:00:00+00:00,-1.0
2022-12-02T05:00:00+00:00,-1.0
2022-12-05T05:00:00+00:00,-1.0
2022-12-06T05:00:00+00:00,-1.0
2022-12-07T05:00:00+00:00,-1.0
2022-12-08T05:00:00+00:00,-1.0
2022-12-09T05:00:00+00:00,-1.0
2022-12-12T05:00:00+00:00,-1.0
2022-12-13T05:00:00+00:00,-1.0
2022-12-14T05:00:00+00:00,-1.0
2022-12-15T05:00:00+00:00,-1.0
2022-12-16T05:00:00+00:00,-1.0
2022-12-19T05:00:00+00:00,-1.0
2022-12-20T05:00:00+00:00,-1.0
2022-12-21T05:00:00+00:00,-1.0
2022-12-22T05:00:00+00:00,-1.0
2022-12-23T05:00:00+00:00,-1.0
2022-12-27T05:00:00+00:00,-1.0
2022-12-28T05:00:00+00:00,-1.0
2022-12-29T05:00:00+00:00,-1.0
2022-12-30T05:00:00+00:00,-1.0
2023-01-03T05:00:00+00:00,-1.0
2023-01-04T05:00:00+00:00,-1.0
2023-01-05T05:00:00+00:00,-1.0
2023-01-06T05:00:00+00:00,-1.0
2023-01-09T05:00:00+00:00,-1.0
2023-01-10T05:00:00+00:00,-1.0
2023-01-11T05:00:00+00:00,-1.0
2023-01-12T05:00:00+00:00,-1.0
2023-01-13T05:00:00+00:00,-1.0
2023-01-17T05:00:00+00:00,-1.0
2023-01-18T05:00:00+00:00,-1.0
2023-01-19T05:00:00+00:00,-1.0
2023-01-20T05:00:00+00:00,-1.0
2023-01-23T05:00:00+00:00,-1.0
2023-01-24T05:00:00+00:00,-1.0
2023-01-25T05:00:00+00:00,-1.0
2023-01-26T05:00:00+00:00,-1.0
2023-01-27T05:00:00+00:00,-1.0
2023-01-30T05:00:00+00:00,-1.0
2023-01-31T05:00:00+00:00,-1.0
2023-02-01T05:00:00+00:00,-1.0
2023-02-02T05:00:00+00:00,-1.0
2023-02-03T05:00:00+00:00,-1.0
2023-02-06T05:00:00+00:00,-1.0
2023-02-07T05:00:00+00:00,-1.0
2023-02-08T05:00:00+00:00,-1.0
2023-02-09T05:00:00+00:00,-1.0
2023-02-10T05:00:00+00:00,-1.0
2023-02-13T05:00:00+00:00,-1.0
2023-02-14T05:00:00+00:00,-1.0
2023-02-15T05:00:00+00:00,-1.0
2023-02-16T05:00:00+00:00,-1.0
2023-02-17T05:00:00+00:00,-1.0
2023-02-21T05:00:00+00:00,-1.0
2023-02-22T05:00:00+00:00,-1.0
2023-02-23T05:00:00+00:00,-1.0
2023-02-24T05:00:00+00:00,-1.0
2023-02-27T05:00:00+00:00,-1.0
2023-02-28T05:00:00+00:00,-1.0
2023-03-01T05:00:00+00:00,-1.0
2023-03-02T05:00:00+00:00,-1.0
2023-03-03T05:00:00+00:00,-1.0
2023-03-06T05:00:00+00:00,-1.0
2023-03-07T05:00:00+00:00,-1.0
2023-03-08T05:00:00+00:00,-1.0
2023-03-09T05:00:00+00:00,-1.0
2023-03-10T05:00:00+00:00,-1.0
2023-03-13T04:00:00+00:00,-1.0
2023-03-14T04:00:00+00:00,-1.0
2023-03-15T04:00:00+00:00,-1.0
2023-03-16T04:00:00+00:00,-1.0
2023-03-17T04:00:00+00:00,-1.0
2023-03-20T04:00:00+00:00,-1.0
2023-03-21T04:00:00+00:00,-1.0
2023-03-22T04:00:00+00:00,-1.0
2023-03-23T04:00:00+00:00,-1.0
2023-03-24T04:00:00+00:00,-1.0
2023-03-27T04:00:00+00:00,-1.0
2023-03-28T04:00:00+00:00,-1.0
2023-03-29T04:00:00+00:00,-1.0
2023-03-30T04:00:00+00:00,-1.0
2023-03-31T04:00:00+00:00,-1.0
2023-04-03T04:00:00+00:00,-1.0
2023-04-04T04:00:00+00:00,-1.0
2023-04-05T04:00:00+00:00,-1.0
2023-04-06T04:00:00+00:00,-1.0
2023-04-10T04:00:00+00:00,-1.0
2023-04-11T04:00:00+00:00,-1.0
2023-04-12T04:00:00+00:00,-1.0
2023-04-13T04:00:00+00:00,-1.0
2023-04-14T04:00:00+00:00,-1.0
2023-04-17T04:00:00+00:00,-1.0
2023-04-18T04:00:00+00:00,-1.0
2023-04-19T04:00:00+00:00,-1.0
2023-04-20T04:00:00+00:00,-1.0
2023-04-21T04:00:00+00:00,-1.0
2023-04-24T04:00:00+00:00,-1.0
2023-04-25T04:00:00+00:00,-1.0
2023-04-26T04:00:00+00:00,-1.0
2023-04-27T04:00:00+00:00,-1.0
2023-04-28T04:00:00+00:00,-1.0
2023-05-01T04:00:00+00:00,-1.0
2023-05-02T04:00:00+00:00,-1.0
2023-05-03T04:00:00+00:00,-1.0
2023-05-04T04:00:00+00:00,-1.0
2023-05-05T04:00:00+00:00,-1.0
2023-05-08T04:00:00+00:00,-1.0
2023-05-09T04:00:00+00:00,-1.0
2023-05-10T04:00:00+00:00,-1.0
2023-05-11T04:00:00+00:00,-1.0
2023-05-12T04:00:00+00:00,-1.0
2023-05-15T04:00:00+00:00,-1.0
2023-05-16T04:00:00+00:00,-1.0
2023-05-17T04:00:00+00:00,-1.0
2023-05-18T04:00:00+00:00,-1.0
2023-05-19T04:00:00+00:00,-1.0
2023-05-22T04:00:00+00:00,-1.0
2023-05-23T04:00:00+00:00,-1.0
2023-05-24T04:00:00+00:00,-1.0
2023-05-25T04:00:00+00:00,-1.0
2023-05-26T04:00:00+00:00,-1.0
2023-05-30T04:00:00+00:00,-1.0
2023-05-31T04:00:00+00:00,-1.0
2023-06-01T04:00:00+00:00,-1.0
2023-06-02T04:00:00+00:00,-1.0
2023-06-05T04:00:00+00:00,-1.0
2023-06-06T04:00:00+00:00,-1.0
2023-06-07T04:00:00+00:00,-1.0
2023-06-08T04:00:00+00:00,-1.0
2023-06-09T04:00:00+00:00,-1.0
2023-06-12T04:00:00+00:00,-1.0
2023-06-13T04:00:00+00:00,-1.0
2023-06-14T04:00:00+00:00,-1.0
2023-06-15T04:00:00+00:00,-1.0
2023-06-16T04:00:00+00:00,-1.0
2023-06-20T04:00:00+00:00,-1.0
2023-06-21T04:00:00+00:00,-1.0
2023-06-22T04:00:00+00:00,-1.0
2023-06-23T04:00:00+00:00,-1.0
2023-06-26T04:00:00+00:00,-1.0
2023-06-27T04:00:00+00:00,-1.0
2023-06-28T04:00:00+00:00,-1.0
2023-06-29T04:00:00+00:00,-1.0
2023-06-30T04:00:00+00:00,-1.0
2023-07-03T04:00:00+00:00,-1.0
2023-07-05T04:00:00+00:00,-1.0
2023-07-06T04:00:00+00:00,-1.0
2023-07-07T04:00:00+00:00,-1.0
2023-07-10T04:00:00+00:00,-1.0
2023-07-11T04:00:00+00:00,-1.0
2023-07-12T04:00:00+00:00,-1.0
2023-07-13T04:00:00+00:00,-1.0
2023-07-14T04:00:00+00:00,-1.0
2023-07-17T04:00:00+00:00,-1.0
2023-07-18T04:00:00+00:00,-1.0
2023-07-19T04:00:00+00:00,-1.0
2023-07-20T04:00:00+00:00,-1.0
2023-07-21T04:00:00+00:00,-1.0
2023-07-24T04:00:00+00:00,-1.0
2023-07-25T04:00:00+00:00,-1.0
2023-07-26T04:00:00+00:00,-1.0
2023-07-27T04:00:00+00:00,-1.0
2023-07-28T04:00:00+00:00,-1.0
2023-07-31T04:00:00+00:00,-1.0
2023-08-01T04:00:00+00:00,-1.0
2023-08-02T04:00:00+00:00,-1.0
2023-08-03T04:00:00+00:00,-1.0
2023-08-04T04:00:00+00:00,-1.0
2023-08-07T04:00:00+00:00,-1.0
2023-08-08T04:00:00+00:00,-1.0
2023-08-09T04:00:00+00:00,-1.0
2023-08-10T04:00:00+00:00,-1.0
2023-08-11T04:00:00+00:00,-1.0
2023-08-14T04:00:00+00:00,-1.0
2023-08-15T04:00:00+00:00,-1.0
2023-08-16T04:00:00+00:00,-1.0
2023-08-17T04:00:00+00:00,-1.0
2023-08-18T04:00:00+00:00,-1.0
2023-08-21T04:00:00+00:00,-1.0
2023-08-22T04:00:00+00:00,-1.0
2023-08-23T04:00:00+00:00,-1.0
2023-08-24T04:00:00+00:00,-1.0
2023-08-25T04:00:00+00:00,-1.0
2023-08-28T04:00:00+00:00,-1.0
2023-08-29T04:00:00+00:00,-1.0
2023-08-30T04:00:00+00:00,-1.0
2023-08-31T04:00:00+00:00,-1.0
2023-09-01T04:00:00+00:00,-1.0
2023-09-05T04:00:00+00:00,-1.0
2023-09-06T04:00:00+00:00,-1.0
2023-09-07T04:00:00+00:00,-1.0
2023-09-08T04:00:00+00:00,-1.0
2023-09-11T04:00:00+00:00,-1.0
2023-09-12T04:00:00+00:00,-1.0
2023-09-13T04:00:00+00:00,-1.0
2023-09-14T04:00:00+00:00,-1.0
2023-09-15T04:00:00+00:00,-1.0
2023-09-18T04:00:00+00:00,-1.0
2023-09-19T04:00:00+00:00,-1.0
2023-09-20T04:00:00+00:00,-1.0
2023-09-21T04:00:00+00:00,-1.0
2023-09-22T04:00:00+00:00,-1.0
2023-09-25T04:00:00+00:00,-1.0
2023-09-26T04:00:00+00:00,-1.0
2023-09-27T04:00:00+00:00,-1.0
2023-09-28T04:00:00+00:00,-1.0
2023-09-29T04:00:00+00:00,-1.0
2023-10-02T04:00:00+00:00,-1.0
2023-10-03T04:00:00+00:00,-1.0
2023-10-04T04:00:00+00:00,-1.0
2023-10-05T04:00:00+00:00,-1.0
2023-10-06T04:00:00+00:00,-1.0
2023-10-09T04:00:00+00:00,-1.0
2023-10-10T04:00:00+00:00,-1.0
2023-10-11T04:00:00+00:00,-1.0
2023-10-12T04:00:00+00:00,-1.0
2023-10-13T04:00:00+00:00,-1.0
2023-10-16T04:00:00+00:00,-1.0
2023-10-17T04:00:00+00:00,-1.0
2023-10-18T04:00:00+00:00,-1.0
2023-10-19T04:00:00+00:00,-1.0
2023-10-20T04:00:00+00:00,-1.0
2023-10-23T04:00:00+00:00,-1.0
2023-10-24T04:00:00+00:00,-1.0
2023-10-25T04:00:00+00:00,-1.0
2023-10-26T04:00:00+00:00,-1.0
2023-10-27T04:00:00+00:00,-1.0
2023-10-30T04:00:00+00:00,-1.0
2023-10-31T04:00:00+00:00,-1.0
2023-11-01T04:00:00+00:00,-1.0
2023-11-02T04:00:00+00:00,-1.0
2023-11-03T04:00:00+00:00,-1.0
2023-11-06T05:00:00+00:00,-1.0
2023-11-07T05:00:00+00:00,-1.0
2023-11-08T05:00:00+00:00,-1.0
2023-11-09T05:00:00+00:00,-1.0
2023-11-10T05:00:00+00:00,-1.0
2023-11-13T05:00:00+00:00,-1.0
2023-11-14T05:00:00+00:00,-1.0
2023-11-15T05:00:00+00:00,-1.0
2023-11-16T05:00:00+00:00,-1.0
2023-11-17T05:00:00+00:00,-1.0
2023-11-20T05:00:00+00:00,-1.0
2023-11-21T05:00:00+00:00,-1.0
2023-11-22T05:00:00+00:00,-1.0
2023-11-24T05:00:00+00:00,-1.0
2023-11-27T05:00:00+00:00,-1.0
2023-11-28T05:00:00+00:00,-1.0
2023-11-29T05:00:00+00:00,-1.0
2023-11-30T05:00:00+00:00,-1.0
2023-12-01T05:00:00+00:00,-1.0
2023-12-04T05:00:00+00:00,-1.0
2023-12-05T05:00:00+00:00,-1.0
2023-12-06T05:00:00+00:00,-1.0
2023-12-07T05:00:00+00:00,-1.0
2023-12-08T05:00:00+00:00,-1.0
2023-12-11T05:00:00+00:00,-1.0
2023-12-12T05:00:00+00:00,-1.0
2023-12-13T05:00:00+00:00,-1.0
2023-12-14T05:00:00+00:00,-1.0
2023-12-15T05:00:00+00:00,-1.0
2023-12-18T05:00:00+00:00,-1.0
2023-12-19T05:00:00+00:00,-1.0
2023-12-20T05:00:00+00:00,-1.0
2023-12-21T05:00:00+00:00,-1.0
2023-12-22T05:00:00+00:00,-1.0
2023-12-26T05:00:00+00:00,-1.0
2023-12-27T05:00:00+00:00,-1.0
2023-12-28T05:00:00+00:00,-1.0
2023-12-29T05:00:00+00:00,-1.0
2024-01-02T05:00:00+00:00,-1.0
2024-01-03T05:00:00+00:00,-1.0
2024-01-04T05:00:00+00:00,-1.0
2024-01-05T05:00:00+00:00,-1.0
2024-01-08T05:00:00+00:00,-1.0
2024-01-09T05:00:00+00:00,-1.0
2024-01-10T05:00:00+00:00,-1.0
2024-01-11T05:00:00+00:00,-1.0
2024-01-12T05:00:00+00:00,-1.0
2024-01-16T05:00:00+00:00,-1.0
2024-01-17T05:00:00+00:00,-1.0
2024-01-18T05:00:00+00:00,-1.0
2024-01-19T05:00:00+00:00,-1.0
2024-01-22T05:00:00+00:00,-1.0
2024-01-23T05:00:00+00:00,-1.0
2024-01-24T05:00:00+00:00,-1.0
2024-01-25T05:00:00+00:00,-1.0
2024-01-26T05:00:00+00:00,-1.0
2024-01-29T05:00:00+00:00,-1.0
2024-01-30T05:00:00+00:00,-1.0
2024-01-31T05:00:00+00:00,-1.0
2024-02-01T05:00:00+00:00,-1.0
2024-02-02T05:00:00+00:00,-1.0
2024-02-05T05:00:00+00:00,-1.0
2024-02-06T05:00:00+00:00,-1.0
2024-02-07T05:00:00+00:00,-1.0
2024-02-08T05:00:00+00:00,-1.0
2024-02-09T05:00:00+00:00,-1.0
2024-02-12T05:00:00+00:00,-1.0
2024-02-13T05:00:00+00:00,-1.0
2024-02-14T05:00:00+00:00,-1.0
2024-02-15T05:00:00+00:00,-1.0
2024-02-16T05:00:00+00:00,-1.0
2024-02-20T05:00:00+00:00,-1.0
2024-02-21T05:00:00+00:00,-1.0
2024-02-22T05:00:00+00:00,-1.0
2024-02-23T05:00:00+00:00,-1.0
2024-02-26T05:00:00+00:00,-1.0
2024-02-27T05:00:00+00:00,-1.0
2024-02-28T05:00:00+00:00,-1.0
2024-02-29T05:00:00+00:00,-1.0
2024-03-01T05:00:00+00:00,-1.0
2024-03-04T05:00:00+00:00,-1.0
2024-03-05T05:00:00+00:00,-1.0
2024-03-06T05:00:00+00:00,-1.0
2024-03-07T05:00:00+00:00,-1.0
2024-03-08T05:00:00+00:00,-1.0
2024-03-11T04:00:00+00:00,-1.0
2024-03-12T04:00:00+00:00,-1.0
2024-03-13T04:00:00+00:00,-1.0
2024-03-14T04:00:00+00:00,-1.0
2024-03-15T04:00:00+00:00,-1.0
2024-03-18T04:00:00+00:00,-1.0
2024-03-19T04:00:00+00:00,-1.0
2024-03-20T04:00:00+00:00,-1.0
2024-03-21T04:00:00+00:00,-1.0
2024-03-22T04:00:00+00:00,-1.0
2024-03-25T04:00:00+00:00,-1.0
2024-03-26T04:00:00+00:00,-1.0
2024-03-27T04:00:00+00:00,-1.0
2024-03-28T04:00:00+00:00,-1.0
2024-04-01T04:00:00+00:00,-1.0
2024-04-02T04:00:00+00:00,-1.0
2024-04-03T04:00:00+00:00,-1.0
2024-04-04T04:00:00+00:00,-1.0
2024-04-05T04:00:00+00:00,-1.0
2024-04-08T04:00:00+00:00,-1.0
2024-04-09T04:00:00+00:00,-1.0
2024-04-10T04:00:00+00:00,-1.0
2024-04-11T04:00:00+00:00,-1.0
2024-04-12T04:00:00+00:00,-1.0
2024-04-15T04:00:00+00:00,-1.0
2024-04-16T04:00:00+00:00,-1.0
2024-04-17T04:00:00+00:00,-1.0
2024-04-18T04:00:00+00:00,-1.0
2024-04-19T04:00:00+00:00,-1.0
2024-04-22T04:00:00+00:00,-1.0
2024-04-23T04:00:00+00:00,-1.0
2024-04-24T04:00:00+00:00,-1.0
2024-04-25T04:00:00+00:00,-1.0
2024-04-26T04:00:00+00:00,-1.0
2024-04-29T04:00:00+00:00,-1.0
2024-04-30T04:00:00+00:00,-1.0
2024-05-01T04:00:00+00:00,-1.0
2024-05-02T04:00:00+00:00,-1.0
2024-05-03T04:00:00+00:00,-1.0
2024-05-06T04:00:00+00:00,-1.0
2024-05-07T04:00:00+00:00,-1.0
2024-05-08T04:00:00+00:00,-1.0
2024-05-09T04:00:00+00:00,-1.0
2024-05-10T04:00:00+00:00,-1.0
2024-05-13T04:00:00+00:00,-1.0
2024-05-14T04:00:00+00:00,-1.0
2024-05-15T04:00:00+00:00,-1.0
2024-05-16T04:00:00+00:00,-1.0
2024-05-17T04:00:00+00:00,-1.0
2024-05-20T04:00:00+00:00,-1.0
2024-05-21T04:00:00+00:00,-1.0
2024-05-22T04:00:00+00:00,-1.0
2024-05-23T04:00:00+00:00,-1.0
2024-05-24T04:00:00+00:00,-1.0
2024-05-28T04:00:00+00:00,-1.0
2024-05-29T04:00:00+00:00,-1.0
2024-05-30T04:00:00+00:00,-1.0
2024-05-31T04:00:00+00:00,-1.0
2024-06-03T04:00:00+00:00,-1.0
2024-06-04T04:00:00+00:00,-1.0
2024-06-05T04:00:00+00:00,-1.0
2024-06-06T04:00:00+00:00,-1.0
2024-06-07T04:00:00+00:00,-1.0
2024-06-10T04:00:00+00:00,-1.0
2024-06-11T04:00:00+00:00,-1.0
2024-06-12T04:00:00+00:00,-1.0
2024-06-13T04:00:00+00:00,-1.0
2024-06-14T04:00:00+00:00,-1.0
2024-06-17T04:00:00+00:00,-1.0
2024-06-18T04:00:00+00:00,-1.0
2024-06-20T04:00:00+00:00,-1.0
2024-06-21T04:00:00+00:00,-1.0
2024-06-24T04:00:00+00:00,-1.0
2024-06-25T04:00:00+00:00,-1.0
2024-06-26T04:00:00+00:00,-1.0
2024-06-27T04:00:00+00:00,-1.0
2024-06-28T04:00:00+00:00,-1.0
2024-07-01T04:00:00+00:00,-1.0
2024-07-02T04:00:00+00:00,-1.0
2024-07-03T04:00:00+00:00,-1.0
2024-07-05T04:00:00+00:00,-1.0
2024-07-08T04:00:00+00:00,-1.0
2024-07-09T04:00:00+00:00,-1.0
2024-07-10T04:00:00+00:00,-1.0
2024-07-11T04:00:00+00:00,-1.0
2024-07-12T04:00:00+00:00,-1.0
2024-07-15T04:00:00+00:00,-1.0
2024-07-16T04:00:00+00:00,-1.0
2024-07-17T04:00:00+00:00,-1.0
2024-07-18T04:00:00+00:00,-1.0
2024-07-19T04:00:00+00:00,-1.0
2024-07-22T04:00:00+00:00,-1.0
2024-07-23T04:00:00+00:00,-1.0
2024-07-24T04:00:00+00:00,-1.0
2024-07-25T04:00:00+00:00,-1.0
2024-07-26T04:00:00+00:00,-1.0
2024-07-29T04:00:00+00:00,-1.0
2024-07-30T04:00:00+00:00,-1.0
2024-07-31T04:00:00+00:00,-1.0
2024-08-01T04:00:00+00:00,-1.0
2024-08-02T04:00:00+00:00,-1.0
2024-08-05T04:00:00+00:00,-1.0
2024-08-06T04:00:00+00:00,-1.0
2024-08-07T04:00:00+00:00,-1.0
2024-08-08T04:00:00+00:00,-1.0
2024-08-09T04:00:00+00:00,-1.0
2024-08-12T04:00:00+00:00,-1.0
2024-08-13T04:00:00+00:00,-1.0
2024-08-14T04:00:00+00:00,-1.0
2024-08-15T04:00:00+00:00,-1.0
2024-08-16T04:00:00+00:00,-1.0
2024-08-19T04:00:00+00:00,-1.0
2024-08-20T04:00:00+00:00,-1.0
2024-08-21T04:00:00+00:00,-1.0
2024-08-22T04:00:00+00:00,-1.0
2024-08-23T04:00:00+00:00,-1.0
2024-08-26T04:00:00+00:00,-1.0
2024-08-27T04:00:00+00:00,-1.0
2024-08-28T04:00:00+00:00,-1.0
2024-08-29T04:00:00+00:00,-1.0
2024-08-30T04:00:00+00:00,-1.0
2024-09-03T04:00:00+00:00,-1.0
2024-09-04T04:00:00+00:00,-1.0
2024-09-05T04:00:00+00:00,-1.0
2024-09-06T04:00:00+00:00,-1.0
2024-09-09T04:00:00+00:00,-1.0
2024-09-10T04:00:00+00:00,-1.0
2024-09-11T04:00:00+00:00,-1.0
2024-09-12T04:00:00+00:00,-1.0
2024-09-13T04:00:00+00:00,-1.0
2024-09-16T04:00:00+00:00,-1.0
2024-09-17T04:00:00+00:00,-1.0
2024-09-18T04:00:00+00:00,-1.0
2024-09-19T04:00:00+00:00,-1.0
2024-09-20T04:00:00+00:00,-1.0
2024-09-23T04:00:00+00:00,-1.0
2024-09-24T04:00:00+00:00,-1.0
2024-09-25T04:00:00+00:00,-1.0
2024-09-26T04:00:00+00:00,-1.0
2024-09-27T04:00:00+00:00,-1.0
2024-09-30T04:00:00+00:00,-1.0
2024-10-01T04:00:00+00:00,-1.0
2024-10-02T04:00:00+00:00,-1.0
2024-10-03T04:00:00+00:00,-1.0
2024-10-04T04:00:00+00:00,-1.0
2024-10-07T04:00:00+00:00,-1.0
2024-10-08T04:00:00+00:00,-1.0
2024-10-09T04:00:00+00:00,-1.0
2024-10-10T04:00:00+00:00,-1.0
2024-10-11T04:00:00+00:00,-1.0
2024-10-14T04:00:00+00:00,-1.0
2024-10-15T04:00:00+00:00,-1.0
2024-10-16T04:00:00+00:00,-1.0
2024-10-17T04:00:00+00:00,-1.0
2024-10-18T04:00:00+00:00,-1.0
2024-10-21T04:00:00+00:00,-1.0
2024-10-22T04:00:00+00:00,-1.0
2024-10-23T04:00:00+00:00,-1.0
2024-10-24T04:00:00+00:00,-1.0
2024-10-25T04:00:00+00:00,-1.0
2024-10-28T04:00:00+00:00,-1.0
2024-10-29T04:00:00+00:00,-1.0
2024-10-30T04:00:00+00:00,-1.0
2024-10-31T04:00:00+00:00,-1.0
2024-11-01T04:00:00+00:00,-1.0
2024-11-04T05:00:00+00:00,-1.0
2024-11-05T05:00:00+00:00,-1.0
2024-11-06T05:00:00+00:00,-1.0
2024-11-07T05:00:00+00:00,-1.0
2024-11-08T05:00:00+00:00,-1.0
2024-11-11T05:00:00+00:00,-1.0
2024-11-12T05:00:00+00:00,-1.0
2024-11-13T05:00:00+00:00,-1.0
2024-11-14T05:00:00+00:00,-1.0
2024-11-15T05:00:00+00:00,-1.0
2024-11-18T05:00:00+00:00,-1.0
2024-11-19T05:00:00+00:00,-1.0
2024-11-20T05:00:00+00:00,-1.0
2024-11-21T05:00:00+00:00,-1.0
2024-11-22T05:00:00+00:00,-1.0
2024-11-25T05:00:00+00:00,-1.0
2024-11-26T05:00:00+00:00,-1.0
2024-11-27T05:00:00+00:00,-1.0
2024-11-29T05:00:00+00:00,-1.0
2024-12-02T05:00:00+00:00,-1.0
2024-12-03T05:00:00+00:00,-1.0
2024-12-04T05:00:00+00:00,-1.0
2024-12-05T05:00:00+00:00,-1.0
2024-12-06T05:00:00+00:00,-1.0
2024-12-09T05:00:00+00:00,-1.0
2024-12-10T05:00:00+00:00,-1.0
2024-12-11T05:00:00+00:00,-1.0
2024-12-12T05:00:00+00:00,-1.0
2024-12-13T05:00:00+00:00,-1.0
2024-12-16T05:00:00+00:00,-1.0
2024-12-17T05:00:00+00:00,-1.0
2024-12-18T05:00:00+00:00,-1.0
2024-12-19T05:00:00+00:00,-1.0
2024-12-20T05:00:00+00:00,-1.0
2024-12-23T05:00:00+00:00,-1.0
2024-12-24T05:00:00+00:00,-1.0
2024-12-26T05:00:00+00:00,-1.0
2024-12-27T05:00:00+00:00,-1.0
2024-12-30T05:00:00+00:00,-1.0
